"账号","日期","(父）ASIN","（子）ASIN","商品名称","SKU","买家访问次数","买家访问次数百分比","页面浏览次数","页面浏览次数百分比","购买按钮赢得率","已订购商品数量","订单商品数量转化率","已订购商品销售额","订单商品种类数"
"de","08-10","B074FVVVJL","B01LXBZ4WG","NENRENT S580 Bluetooth Headset, Längste Gesprächszeit bis zu 12-15 Stunden, Wireless Bluetooth Ohrhörer Kopfhörer Hörer LG HTC Smartphones","SZ-YSB-AA-21035-1","2","6.45%","2","5.00%","100%","2","100.00%","€51.40","2"
"de","08-10","B074FY2NXX","B01NCKU7JK","NENRENT S570 Bluetooth Kopfhörer, kleinste Mini Invisible V4.1 Wireless Bluetooth Headset Ohrhörer mit Mikrofon Freisprecheinrichtung Anrufe für iPhone 8 7 6 Plus iPad Samsung HTC LG 1 Stück Nackt","SZ-YSB-AA-21075-1","29","93.55%","38","95.00%","100%","2","6.90%","€35.58","2"
"de","08-11","B074FY2NXX","B01NCKU7JK","NENRENT S570 Bluetooth Kopfhörer, kleinste Mini Invisible V4.1 Wireless Bluetooth Headset Ohrhörer mit Mikrofon Freisprecheinrichtung Anrufe für iPhone 8 7 6 Plus iPad Samsung HTC LG 1 Stück Nackt","SZ-YSB-AA-21075-1","29","100.00%","39","100.00%","95%","3","10.34%","€53.37","3"
"de","08-12","B074FY2NXX","B01NCKU7JK","NENRENT S570 Bluetooth Kopfhörer, kleinste Mini Invisible V4.1 Wireless Bluetooth Headset Ohrhörer mit Mikrofon Freisprecheinrichtung Anrufe für iPhone 8 7 6 Plus iPad Samsung HTC LG 1 Stück Nackt","SZ-YSB-AA-21075-1","31","73.81%","38","76.00%","89%","2","6.45%","€35.58","2"
"de","08-12","B074FVVVJL","B01LXBZ4WG","NENRENT S580 Bluetooth Headset, Längste Gesprächszeit bis zu 12-15 Stunden, Wireless Bluetooth Ohrhörer Kopfhörer Hörer LG HTC Smartphones","SZ-YSB-AA-21035-1","9","21.43%","10","20.00%","90%","1","11.11%","€25.70","1"
"de","08-12","B074FY2NXX","B077G2MZ2K","NENRENT S570 TWS Bluetooth Kopfhörer, Bluetooth 5.0 Headset Stereo-Minikopfhörer Kabellose Bluetooth Kopfhörer mit Portable Mini Ladekästchen Integriertem Mikrofon","SZ-YSB-AA-21287","2","4.76%","2","4.00%","100%","1","50.00%","€39.97","1"
"de","08-13","B074FY2NXX","B01NCKU7JK","NENRENT S570 Bluetooth Kopfhörer, kleinste Mini Invisible V4.1 Wireless Bluetooth Headset Ohrhörer mit Mikrofon Freisprecheinrichtung Anrufe für iPhone 8 7 6 Plus iPad Samsung HTC LG 1 Stück Nackt","SZ-YSB-AA-21075-1","25","100.00%","38","100.00%","87%","1","4.00%","€17.79","1"
"de","08-14","B074FY2NXX","B01NCKU7JK","NENRENT S570 Bluetooth Kopfhörer, kleinste Mini Invisible V4.1 Wireless Bluetooth Headset Ohrhörer mit Mikrofon Freisprecheinrichtung Anrufe für iPhone 8 7 6 Plus iPad Samsung HTC LG 1 Stück Nackt","SZ-YSB-AA-21075-1","26","83.87%","30","83.33%","90%","2","7.69%","€35.58","2"
"de","08-14","B074FY2NXX","B01LYMUB0S","NENRENT S570 Bluetooth Kopfhörer, kleinste Mini Invisible V4.1 Wireless Bluetooth Headset Ohrhörer mit Mikrofon Freisprecheinrichtung Anrufe für iPhone 8 7 6 Plus iPad Samsung HTC LG 1 Stück Schwarz","SZ-YSB-AA-21030-1","5","16.13%","6","16.67%","100%","1","20.00%","€17.49","1"
"de","08-15","B074FY2NXX","B01NCKU7JK","NENRENT S570 Bluetooth Kopfhörer, kleinste Mini Invisible V4.1 Wireless Bluetooth Headset Ohrhörer mit Mikrofon Freisprecheinrichtung Anrufe für iPhone 8 7 6 Plus iPad Samsung HTC LG 1 Stück Nackt","SZ-YSB-AA-21075-1","24","100.00%","30","100.00%","100%","2","8.33%","€35.58","1"
"de","08-16","B074FY2NXX","B01NCKU7JK","NENRENT S570 Bluetooth Kopfhörer, kleinste Mini Invisible V4.1 Wireless Bluetooth Headset Ohrhörer mit Mikrofon Freisprecheinrichtung Anrufe für iPhone 8 7 6 Plus iPad Samsung HTC LG 1 Stück Nackt","SZ-YSB-AA-21075-1","33","100.00%","37","100.00%","95%","2","6.06%","€35.58","2"
"de","08-17","B074FVVVJL","B01LXBZ4WG","NENRENT S580 Bluetooth Headset, Längste Gesprächszeit bis zu 12-15 Stunden, Wireless Bluetooth Ohrhörer Kopfhörer Hörer LG HTC Smartphones","SZ-YSB-AA-21035-1","6","13.64%","7","12.96%","100%","1","16.67%","€25.70","1"
"de","08-17","B074FY2NXX","B01NCKU7JK","NENRENT S570 Bluetooth Kopfhörer, kleinste Mini Invisible V4.1 Wireless Bluetooth Headset Ohrhörer mit Mikrofon Freisprecheinrichtung Anrufe für iPhone 8 7 6 Plus iPad Samsung HTC LG 1 Stück Nackt","SZ-YSB-AA-21075-1","37","84.09%","46","85.19%","93%","1","2.70%","€17.79","1"
"de","08-17","B074FY2NXX","B077G2X17J","NENRENT S570 + Bluetooth-Ohrhörer, die kleinste Mini-Wireless-Bluetooth-Headset unsichtbar v4.1 erstellt Zwillinge Kopfhörer mit 400mAh Ladegerät Fall für iPhone Samsung Galaxy lg 1 pipece Schwarz","SZ-YSB-AA-21279-1","1","2.27%","1","1.85%","100%","1","100.00%","€23.47","1"
"de","08-18","B074FY2NXX","B01NCKU7JK","NENRENT S570 Bluetooth Kopfhörer, kleinste Mini Invisible V4.1 Wireless Bluetooth Headset Ohrhörer mit Mikrofon Freisprecheinrichtung Anrufe für iPhone 8 7 6 Plus iPad Samsung HTC LG 1 Stück Nackt","SZ-YSB-AA-21075-1","37","80.43%","46","82.14%","96%","6","16.22%","€106.74","6"
"de","08-18","B074FVVVJL","B01LXBZ4WG","NENRENT S580 Bluetooth Headset, Längste Gesprächszeit bis zu 12-15 Stunden, Wireless Bluetooth Ohrhörer Kopfhörer Hörer LG HTC Smartphones","SZ-YSB-AA-21035-1","9","19.57%","10","17.86%","90%","1","11.11%","€25.70","1"
"de","08-19","B074FVVVJL","B01LXBZ4WG","NENRENT S580 Bluetooth Headset, Längste Gesprächszeit bis zu 12-15 Stunden, Wireless Bluetooth Ohrhörer Kopfhörer Hörer LG HTC Smartphones","SZ-YSB-AA-21035-1","10","100.00%","17","100.00%","82%","1","10.00%","€25.70","1"
"de","08-19","B074FY2NXX","B077G21QF1","NENRENT S570 + Bluetooth-Ohrhörer, der kleinste Mini-Wireless-Bluetooth-Headset unsichtbar V4.1 erstellt Doppel-Headset Zwillinge Kopfhörer mit 400mAh Ladegerät Fall für iPhone Ipad Samsung Galaxy Lg","SZ-YSB-AA-21276-1","0","0.00%","0","0.00%","0%","1","0.00%","€25.97","1"
"de","08-20","B074FY2NXX","B01NCKU7JK","NENRENT S570 Bluetooth Kopfhörer, kleinste Mini Invisible V4.1 Wireless Bluetooth Headset Ohrhörer mit Mikrofon Freisprecheinrichtung Anrufe für iPhone 8 7 6 Plus iPad Samsung HTC LG 1 Stück Nackt","SZ-YSB-AA-21075-1","35","100.00%","48","100.00%","94%","1","2.86%","€17.79","1"
"de","08-21","B074FY2NXX","B01LXNNAEY","NENRENT S570 Bluetooth Kopfhörer, kleinste Mini Invisible V4.1 Wireless Bluetooth Headset Ohrhörer mit Mikrofon Freisprecheinrichtung Anrufe für iPhone 8 7 6 Plus iPad Samsung HTC LG 1 Stück Roze Goud","SZ-YSB-AA-21033-1","4","15.38%","5","11.36%","100%","1","25.00%","€17.79","1"
"de","08-21","B074FY2NXX","B01LYMUB0S","NENRENT S570 Bluetooth Kopfhörer, kleinste Mini Invisible V4.1 Wireless Bluetooth Headset Ohrhörer mit Mikrofon Freisprecheinrichtung Anrufe für iPhone 8 7 6 Plus iPad Samsung HTC LG 1 Stück Schwarz","SZ-YSB-AA-21030-1","1","3.85%","4","9.09%","100%","1","100.00%","€17.49","1"
"de","08-21","B074FY2NXX","B01NCKU7JK","NENRENT S570 Bluetooth Kopfhörer, kleinste Mini Invisible V4.1 Wireless Bluetooth Headset Ohrhörer mit Mikrofon Freisprecheinrichtung Anrufe für iPhone 8 7 6 Plus iPad Samsung HTC LG 1 Stück Nackt","SZ-YSB-AA-21075-1","21","80.77%","35","79.55%","97%","1","4.76%","€17.79","1"
"de","08-22","B074FY2NXX","B07N1DX5C4","NENRENT kabellose Ohrhörer, Bluetooth 5.0 Ture kabellose Ohrhörer HD-Stereo-Audio-Sound, kabellose Kopfhörer mit Ladetasche 18-Stunden-Musikwiedergabezeit, Sportkopfhörer mit eingebautem Mikrofon","SZ-YSB-AA-21407","2","22.22%","3","30.00%","100%","2","100.00%","€79.94","2"
"de","08-22","B074FY2NXX","B01LXNNAEY","NENRENT S570 Bluetooth Kopfhörer, kleinste Mini Invisible V4.1 Wireless Bluetooth Headset Ohrhörer mit Mikrofon Freisprecheinrichtung Anrufe für iPhone 8 7 6 Plus iPad Samsung HTC LG 1 Stück Roze Goud","SZ-YSB-AA-21033-1","4","44.44%","4","40.00%","100%","1","25.00%","€17.79","1"
"de","08-22","B074FY2NXX","B077G2X17J","NENRENT S570 + Bluetooth-Ohrhörer, die kleinste Mini-Wireless-Bluetooth-Headset unsichtbar v4.1 erstellt Zwillinge Kopfhörer mit 400mAh Ladegerät Fall für iPhone Samsung Galaxy lg 1 pipece Schwarz","SZ-YSB-AA-21279-1","3","33.33%","3","30.00%","100%","1","33.33%","€23.47","1"
"de","08-23","B074FY2NXX","B01NCKU7JK","NENRENT S570 Bluetooth Kopfhörer, kleinste Mini Invisible V4.1 Wireless Bluetooth Headset Ohrhörer mit Mikrofon Freisprecheinrichtung Anrufe für iPhone 8 7 6 Plus iPad Samsung HTC LG 1 Stück Nackt","SZ-YSB-AA-21075-1","31","59.62%","47","63.51%","96%","5","16.13%","€88.95","5"
"de","08-23","B074FY2NXX","B01LYMUB0S","NENRENT S570 Bluetooth Kopfhörer, kleinste Mini Invisible V4.1 Wireless Bluetooth Headset Ohrhörer mit Mikrofon Freisprecheinrichtung Anrufe für iPhone 8 7 6 Plus iPad Samsung HTC LG 1 Stück Schwarz","SZ-YSB-AA-21030-1","4","7.69%","6","8.11%","100%","2","50.00%","€34.98","2"
"de","08-23","B074FVVVJL","B01LXBZ4WG","NENRENT S580 Bluetooth Headset, Längste Gesprächszeit bis zu 12-15 Stunden, Wireless Bluetooth Ohrhörer Kopfhörer Hörer LG HTC Smartphones","SZ-YSB-AA-21035-1","10","19.23%","13","17.57%","92%","1","10.00%","€25.70","1"
"de","08-23","B074FY2NXX","B01LXNNAEY","NENRENT S570 Bluetooth Kopfhörer, kleinste Mini Invisible V4.1 Wireless Bluetooth Headset Ohrhörer mit Mikrofon Freisprecheinrichtung Anrufe für iPhone 8 7 6 Plus iPad Samsung HTC LG 1 Stück Roze Goud","SZ-YSB-AA-21033-1","7","13.46%","8","10.81%","100%","1","14.29%","€17.79","1"
"de","08-24","B074FVVVJL","B01LXBZ4WG","NENRENT S580 Bluetooth Headset, Längste Gesprächszeit bis zu 12-15 Stunden, Wireless Bluetooth Ohrhörer Kopfhörer Hörer LG HTC Smartphones","SZ-YSB-AA-21035-1","14","24.56%","19","27.94%","89%","5","35.71%","€128.50","3"
"de","08-24","B074FY2NXX","B01NCKU7JK","NENRENT S570 Bluetooth Kopfhörer, kleinste Mini Invisible V4.1 Wireless Bluetooth Headset Ohrhörer mit Mikrofon Freisprecheinrichtung Anrufe für iPhone 8 7 6 Plus iPad Samsung HTC LG 1 Stück Nackt","SZ-YSB-AA-21075-1","43","75.44%","49","72.06%","96%","2","4.65%","€35.58","2"
"de","08-25","B074FY2NXX","B01NCKU7JK","NENRENT S570 Bluetooth Kopfhörer, kleinste Mini Invisible V4.1 Wireless Bluetooth Headset Ohrhörer mit Mikrofon Freisprecheinrichtung Anrufe für iPhone 8 7 6 Plus iPad Samsung HTC LG 1 Stück Nackt","SZ-YSB-AA-21075-1","27","61.36%","38","64.41%","92%","2","7.41%","€35.58","2"
"de","08-25","B074FVVVJL","B01LXBZ4WG","NENRENT S580 Bluetooth Headset, Längste Gesprächszeit bis zu 12-15 Stunden, Wireless Bluetooth Ohrhörer Kopfhörer Hörer LG HTC Smartphones","SZ-YSB-AA-21035-1","8","18.18%","9","15.25%","100%","1","12.50%","€25.70","1"
"de","08-25","B074FY2NXX","B01LXNNAEY","NENRENT S570 Bluetooth Kopfhörer, kleinste Mini Invisible V4.1 Wireless Bluetooth Headset Ohrhörer mit Mikrofon Freisprecheinrichtung Anrufe für iPhone 8 7 6 Plus iPad Samsung HTC LG 1 Stück Roze Goud","SZ-YSB-AA-21033-1","9","20.45%","12","20.34%","83%","1","11.11%","€17.79","1"
"de","08-26","B074FY2NXX","B01NCKU7JK","NENRENT S570 Bluetooth Kopfhörer, kleinste Mini Invisible V4.1 Wireless Bluetooth Headset Ohrhörer mit Mikrofon Freisprecheinrichtung Anrufe für iPhone 8 7 6 Plus iPad Samsung HTC LG 1 Stück Nackt","SZ-YSB-AA-21075-1","47","100.00%","75","100.00%","95%","3","6.38%","€53.37","3"
"de","08-27","B074FY2NXX","B01NCKU7JK","NENRENT S570 Bluetooth Kopfhörer, kleinste Mini Invisible V4.1 Wireless Bluetooth Headset Ohrhörer mit Mikrofon Freisprecheinrichtung Anrufe für iPhone 8 7 6 Plus iPad Samsung HTC LG 1 Stück Nackt","SZ-YSB-AA-21075-1","34","79.07%","41","78.85%","98%","2","5.88%","€35.58","2"
"de","08-27","B074FY2NXX","B01LXNNAEY","NENRENT S570 Bluetooth Kopfhörer, kleinste Mini Invisible V4.1 Wireless Bluetooth Headset Ohrhörer mit Mikrofon Freisprecheinrichtung Anrufe für iPhone 8 7 6 Plus iPad Samsung HTC LG 1 Stück Roze Goud","SZ-YSB-AA-21033-1","4","9.30%","6","11.54%","100%","1","25.00%","€17.79","1"
"de","08-27","B074FY2NXX","B077G2MZ2K","NENRENT S570 TWS Bluetooth Kopfhörer, Bluetooth 5.0 Headset Stereo-Minikopfhörer Kabellose Bluetooth Kopfhörer mit Portable Mini Ladekästchen Integriertem Mikrofon","SZ-YSB-AA-21287","5","11.63%","5","9.62%","100%","1","20.00%","€39.97","1"
"de","08-28","B074FY2NXX","B01NCKU7JK","NENRENT S570 Bluetooth Kopfhörer, kleinste Mini Invisible V4.1 Wireless Bluetooth Headset Ohrhörer mit Mikrofon Freisprecheinrichtung Anrufe für iPhone 8 7 6 Plus iPad Samsung HTC LG 1 Stück Nackt","SZ-YSB-AA-21075-1","32","80.00%","48","78.69%","94%","5","15.63%","€88.95","5"
"de","08-28","B074FY2NXX","B01LXNNAEY","NENRENT S570 Bluetooth Kopfhörer, kleinste Mini Invisible V4.1 Wireless Bluetooth Headset Ohrhörer mit Mikrofon Freisprecheinrichtung Anrufe für iPhone 8 7 6 Plus iPad Samsung HTC LG 1 Stück Roze Goud","SZ-YSB-AA-21033-1","3","7.50%","4","6.56%","75%","1","33.33%","€17.79","1"
"de","08-28","B074FY2NXX","B01LYMUB0S","NENRENT S570 Bluetooth Kopfhörer, kleinste Mini Invisible V4.1 Wireless Bluetooth Headset Ohrhörer mit Mikrofon Freisprecheinrichtung Anrufe für iPhone 8 7 6 Plus iPad Samsung HTC LG 1 Stück Schwarz","SZ-YSB-AA-21030-1","5","12.50%","9","14.75%","78%","1","20.00%","€17.49","1"
"de","08-29","B074FY2NXX","B01NCKU7JK","NENRENT S570 Bluetooth Kopfhörer, kleinste Mini Invisible V4.1 Wireless Bluetooth Headset Ohrhörer mit Mikrofon Freisprecheinrichtung Anrufe für iPhone 8 7 6 Plus iPad Samsung HTC LG 1 Stück Nackt","SZ-YSB-AA-21075-1","36","80.00%","43","81.13%","100%","2","5.56%","€35.58","2"
"de","08-29","B074FVVVJL","B01LXBZ4WG","NENRENT S580 Bluetooth Headset, Längste Gesprächszeit bis zu 12-15 Stunden, Wireless Bluetooth Ohrhörer Kopfhörer Hörer LG HTC Smartphones","SZ-YSB-AA-21035-1","7","15.56%","8","15.09%","88%","1","14.29%","€25.70","1"
"de","08-29","B074FY2NXX","B077G2MZ2K","NENRENT S570 TWS Bluetooth Kopfhörer, Bluetooth 5.0 Headset Stereo-Minikopfhörer Kabellose Bluetooth Kopfhörer mit Portable Mini Ladekästchen Integriertem Mikrofon","SZ-YSB-AA-21287","2","4.44%","2","3.77%","100%","1","50.00%","€39.97","1"
"de","08-30","B074FY2NXX","B01NCKU7JK","NENRENT S570 Bluetooth Kopfhörer, kleinste Mini Invisible V4.1 Wireless Bluetooth Headset Ohrhörer mit Mikrofon Freisprecheinrichtung Anrufe für iPhone 8 7 6 Plus iPad Samsung HTC LG 1 Stück Nackt","SZ-YSB-AA-21075-1","44","97.78%","51","98.08%","100%","1","2.27%","€17.79","1"
"de","08-30","B074FY2NXX","B077G2MZ2K","NENRENT S570 TWS Bluetooth Kopfhörer, Bluetooth 5.0 Headset Stereo-Minikopfhörer Kabellose Bluetooth Kopfhörer mit Portable Mini Ladekästchen Integriertem Mikrofon","SZ-YSB-AA-21287","1","2.22%","1","1.92%","100%","1","100.00%","€39.97","1"
"de","08-31","B074FY2NXX","B01LYMUB0S","NENRENT S570 Bluetooth Kopfhörer, kleinste Mini Invisible V4.1 Wireless Bluetooth Headset Ohrhörer mit Mikrofon Freisprecheinrichtung Anrufe für iPhone 8 7 6 Plus iPad Samsung HTC LG 1 Stück Schwarz","SZ-YSB-AA-21030-1","3","6.25%","5","8.33%","80%","2","66.67%","€34.98","2"
"de","08-31","B074FY2NXX","B01NCKU7JK","NENRENT S570 Bluetooth Kopfhörer, kleinste Mini Invisible V4.1 Wireless Bluetooth Headset Ohrhörer mit Mikrofon Freisprecheinrichtung Anrufe für iPhone 8 7 6 Plus iPad Samsung HTC LG 1 Stück Nackt","SZ-YSB-AA-21075-1","42","87.50%","52","86.67%","100%","1","2.38%","€17.79","1"
"de","08-31","B074FY2NXX","B077G2MZ2K","NENRENT S570 TWS Bluetooth Kopfhörer, Bluetooth 5.0 Headset Stereo-Minikopfhörer Kabellose Bluetooth Kopfhörer mit Portable Mini Ladekästchen Integriertem Mikrofon","SZ-YSB-AA-21287","3","6.25%","3","5.00%","100%","1","33.33%","€39.97","1"
"de","09-01","B074FY2NXX","B01NCKU7JK","NENRENT S570 Bluetooth Kopfhörer, kleinste Mini Invisible V4.1 Wireless Bluetooth Headset Ohrhörer mit Mikrofon Freisprecheinrichtung Anrufe für iPhone 8 7 6 Plus iPad Samsung HTC LG 1 Stück Nackt","SZ-YSB-AA-21075-1","45","100.00%","60","100.00%","98%","2","4.44%","€35.58","2"
"de","09-02","B074FY2NXX","B01NCKU7JK","NENRENT S570 Bluetooth Kopfhörer, kleinste Mini Invisible V4.1 Wireless Bluetooth Headset Ohrhörer mit Mikrofon Freisprecheinrichtung Anrufe für iPhone 8 7 6 Plus iPad Samsung HTC LG 1 Stück Nackt","SZ-YSB-AA-21075-1","44","84.62%","58","81.69%","95%","3","6.82%","€53.37","3"
"de","09-02","B074FVVVJL","B01LXBZ4WG","NENRENT S580 Bluetooth Headset, Längste Gesprächszeit bis zu 12-15 Stunden, Wireless Bluetooth Ohrhörer Kopfhörer Hörer LG HTC Smartphones","SZ-YSB-AA-21035-1","8","15.38%","13","18.31%","85%","1","12.50%","€25.70","1"
"de","09-03","B074FY2NXX","B01NCKU7JK","NENRENT S570 Bluetooth Kopfhörer, kleinste Mini Invisible V4.1 Wireless Bluetooth Headset Ohrhörer mit Mikrofon Freisprecheinrichtung Anrufe für iPhone 8 7 6 Plus iPad Samsung HTC LG 1 Stück Nackt","SZ-YSB-AA-21075-1","38","73.08%","57","74.03%","98%","6","15.79%","€106.74","5"
"de","09-03","B074FVVVJL","B01LXBZ4WG","NENRENT S580 Bluetooth Headset, Längste Gesprächszeit bis zu 12-15 Stunden, Wireless Bluetooth Ohrhörer Kopfhörer Hörer LG HTC Smartphones","SZ-YSB-AA-21035-1","10","19.23%","16","20.78%","94%","3","30.00%","€77.10","3"
"de","09-03","B074FY2NXX","B077G21QF1","NENRENT S570 + Bluetooth-Ohrhörer, der kleinste Mini-Wireless-Bluetooth-Headset unsichtbar V4.1 erstellt Doppel-Headset Zwillinge Kopfhörer mit 400mAh Ladegerät Fall für iPhone Ipad Samsung Galaxy Lg","SZ-YSB-AA-21276-1","4","7.69%","4","5.19%","100%","2","50.00%","€51.94","2"
"de","09-04","B074FY2NXX","B01NCKU7JK","NENRENT S570 Bluetooth Kopfhörer, kleinste Mini Invisible V4.1 Wireless Bluetooth Headset Ohrhörer mit Mikrofon Freisprecheinrichtung Anrufe für iPhone 8 7 6 Plus iPad Samsung HTC LG 1 Stück Nackt","SZ-YSB-AA-21075-1","36","85.71%","42","80.77%","98%","5","13.89%","€88.95","5"
"de","09-04","B074FY2NXX","B01LYMUB0S","NENRENT S570 Bluetooth Kopfhörer, kleinste Mini Invisible V4.1 Wireless Bluetooth Headset Ohrhörer mit Mikrofon Freisprecheinrichtung Anrufe für iPhone 8 7 6 Plus iPad Samsung HTC LG 1 Stück Schwarz","SZ-YSB-AA-21030-1","6","14.29%","10","19.23%","100%","2","33.33%","€34.98","2"
"de","09-05","B074FVVVJL","B01LXBZ4WG","NENRENT S580 Bluetooth Headset, Längste Gesprächszeit bis zu 12-15 Stunden, Wireless Bluetooth Ohrhörer Kopfhörer Hörer LG HTC Smartphones","SZ-YSB-AA-21035-1","5","14.29%","5","12.20%","100%","1","20.00%","€25.70","1"
"de","09-05","B074FY2NXX","B01NCKU7JK","NENRENT S570 Bluetooth Kopfhörer, kleinste Mini Invisible V4.1 Wireless Bluetooth Headset Ohrhörer mit Mikrofon Freisprecheinrichtung Anrufe für iPhone 8 7 6 Plus iPad Samsung HTC LG 1 Stück Nackt","SZ-YSB-AA-21075-1","30","85.71%","36","87.80%","97%","1","3.33%","€17.79","1"
"de","09-06","B074FY2NXX","B07N1DX5C4","NENRENT kabellose Ohrhörer, Bluetooth 5.0 Ture kabellose Ohrhörer HD-Stereo-Audio-Sound, kabellose Kopfhörer mit Ladetasche 18-Stunden-Musikwiedergabezeit, Sportkopfhörer mit eingebautem Mikrofon","SZ-YSB-AA-21407","1","2.00%","2","3.64%","50%","2","200.00%","€79.94","2"
"de","09-06","B074FY2NXX","B01NCKU7JK","NENRENT S570 Bluetooth Kopfhörer, kleinste Mini Invisible V4.1 Wireless Bluetooth Headset Ohrhörer mit Mikrofon Freisprecheinrichtung Anrufe für iPhone 8 7 6 Plus iPad Samsung HTC LG 1 Stück Nackt","SZ-YSB-AA-21075-1","49","98.00%","53","96.36%","100%","1","2.04%","€17.79","1"
"de","09-07","B074FY2NXX","B01NCKU7JK","NENRENT S570 Bluetooth Kopfhörer, kleinste Mini Invisible V4.1 Wireless Bluetooth Headset Ohrhörer mit Mikrofon Freisprecheinrichtung Anrufe für iPhone 8 7 6 Plus iPad Samsung HTC LG 1 Stück Nackt","SZ-YSB-AA-21075-1","50","100.00%","70","100.00%","97%","5","10.00%","€88.95","4"
"de","09-08","B074FY2NXX","B01NCKU7JK","NENRENT S570 Bluetooth Kopfhörer, kleinste Mini Invisible V4.1 Wireless Bluetooth Headset Ohrhörer mit Mikrofon Freisprecheinrichtung Anrufe für iPhone 8 7 6 Plus iPad Samsung HTC LG 1 Stück Nackt","SZ-YSB-AA-21075-1","53","72.60%","76","73.79%","93%","8","15.09%","€142.32","8"
"de","09-08","B074FVVVJL","B01LXBZ4WG","NENRENT S580 Bluetooth Headset, Längste Gesprächszeit bis zu 12-15 Stunden, Wireless Bluetooth Ohrhörer Kopfhörer Hörer LG HTC Smartphones","SZ-YSB-AA-21035-1","11","15.07%","15","14.56%","100%","2","18.18%","€51.40","2"
"de","09-08","B074FY2NXX","B01LYMUB0S","NENRENT S570 Bluetooth Kopfhörer, kleinste Mini Invisible V4.1 Wireless Bluetooth Headset Ohrhörer mit Mikrofon Freisprecheinrichtung Anrufe für iPhone 8 7 6 Plus iPad Samsung HTC LG 1 Stück Schwarz","SZ-YSB-AA-21030-1","9","12.33%","12","11.65%","92%","1","11.11%","€17.49","1"
"de","09-09","B074FY2NXX","B01NCKU7JK","NENRENT S570 Bluetooth Kopfhörer, kleinste Mini Invisible V4.1 Wireless Bluetooth Headset Ohrhörer mit Mikrofon Freisprecheinrichtung Anrufe für iPhone 8 7 6 Plus iPad Samsung HTC LG 1 Stück Nackt","SZ-YSB-AA-21075-1","45","77.59%","56","81.16%","96%","4","8.89%","€71.16","4"
"de","09-09","B074FVVVJL","B01LXBZ4WG","NENRENT S580 Bluetooth Headset, Längste Gesprächszeit bis zu 12-15 Stunden, Wireless Bluetooth Ohrhörer Kopfhörer Hörer LG HTC Smartphones","SZ-YSB-AA-21035-1","8","13.79%","8","11.59%","100%","1","12.50%","€25.70","1"
"de","09-09","B074FY2NXX","B077G2MZ2K","NENRENT S570 TWS Bluetooth Kopfhörer, Bluetooth 5.0 Headset Stereo-Minikopfhörer Kabellose Bluetooth Kopfhörer mit Portable Mini Ladekästchen Integriertem Mikrofon","SZ-YSB-AA-21287","1","1.72%","1","1.45%","0%","1","100.00%","€39.97","1"
"de","09-09","B074FY2NXX","B077G2X17J","NENRENT S570 + Bluetooth-Ohrhörer, die kleinste Mini-Wireless-Bluetooth-Headset unsichtbar v4.1 erstellt Zwillinge Kopfhörer mit 400mAh Ladegerät Fall für iPhone Samsung Galaxy lg 1 pipece Schwarz","SZ-YSB-AA-21279-1","4","6.90%","4","5.80%","100%","1","25.00%","€23.47","1"
"de","09-10","B074FY2NXX","B01NCKU7JK","NENRENT S570 Bluetooth Kopfhörer, kleinste Mini Invisible V4.1 Wireless Bluetooth Headset Ohrhörer mit Mikrofon Freisprecheinrichtung Anrufe für iPhone 8 7 6 Plus iPad Samsung HTC LG 1 Stück Nackt","SZ-YSB-AA-21075-1","30","100.00%","38","100.00%","100%","2","6.67%","€35.58","2"
"de","09-11","B074FY2NXX","B01NCKU7JK","NENRENT S570 Bluetooth Kopfhörer, kleinste Mini Invisible V4.1 Wireless Bluetooth Headset Ohrhörer mit Mikrofon Freisprecheinrichtung Anrufe für iPhone 8 7 6 Plus iPad Samsung HTC LG 1 Stück Nackt","SZ-YSB-AA-21075-1","23","88.46%","32","86.49%","97%","2","8.70%","€35.58","2"
"de","09-11","B074FY2NXX","B01LYMUB0S","NENRENT S570 Bluetooth Kopfhörer, kleinste Mini Invisible V4.1 Wireless Bluetooth Headset Ohrhörer mit Mikrofon Freisprecheinrichtung Anrufe für iPhone 8 7 6 Plus iPad Samsung HTC LG 1 Stück Schwarz","SZ-YSB-AA-21030-1","3","11.54%","5","13.51%","100%","1","33.33%","€17.49","1"
"de","09-13","B074FY2NXX","B01NCKU7JK","NENRENT S570 Bluetooth Kopfhörer, kleinste Mini Invisible V4.1 Wireless Bluetooth Headset Ohrhörer mit Mikrofon Freisprecheinrichtung Anrufe für iPhone 8 7 6 Plus iPad Samsung HTC LG 1 Stück Nackt","SZ-YSB-AA-21075-1","39","92.86%","44","93.62%","93%","3","7.69%","€53.37","3"
"de","09-13","B074FVVVJL","B01LXBZ4WG","NENRENT S580 Bluetooth Headset, Längste Gesprächszeit bis zu 12-15 Stunden, Wireless Bluetooth Ohrhörer Kopfhörer Hörer LG HTC Smartphones","SZ-YSB-AA-21035-1","3","7.14%","3","6.38%","100%","1","33.33%","€25.70","1"
"de","09-14","B074FY2NXX","B01NCKU7JK","NENRENT S570 Bluetooth Kopfhörer, kleinste Mini Invisible V4.1 Wireless Bluetooth Headset Ohrhörer mit Mikrofon Freisprecheinrichtung Anrufe für iPhone 8 7 6 Plus iPad Samsung HTC LG 1 Stück Nackt","SZ-YSB-AA-21075-1","37","77.08%","52","82.54%","96%","7","18.92%","€124.53","6"
"de","09-14","B074FVVVJL","B01LXBZ4WG","NENRENT S580 Bluetooth Headset, Längste Gesprächszeit bis zu 12-15 Stunden, Wireless Bluetooth Ohrhörer Kopfhörer Hörer LG HTC Smartphones","SZ-YSB-AA-21035-1","4","8.33%","4","6.35%","100%","1","25.00%","€25.70","1"
"de","09-14","B074FY2NXX","B01LXNNAEY","NENRENT S570 Bluetooth Kopfhörer, kleinste Mini Invisible V4.1 Wireless Bluetooth Headset Ohrhörer mit Mikrofon Freisprecheinrichtung Anrufe für iPhone 8 7 6 Plus iPad Samsung HTC LG 1 Stück Roze Goud","SZ-YSB-AA-21033-1","6","12.50%","6","9.52%","100%","1","16.67%","€17.79","1"
"de","09-14","B074FY2NXX","B077G21QF1","NENRENT S570 + Bluetooth-Ohrhörer, der kleinste Mini-Wireless-Bluetooth-Headset unsichtbar V4.1 erstellt Doppel-Headset Zwillinge Kopfhörer mit 400mAh Ladegerät Fall für iPhone Ipad Samsung Galaxy Lg","SZ-YSB-AA-21276-1","1","2.08%","1","1.59%","100%","1","100.00%","€25.97","1"
"de","09-15","B074FY2NXX","B01LYMUB0S","NENRENT S570 Bluetooth Kopfhörer, kleinste Mini Invisible V4.1 Wireless Bluetooth Headset Ohrhörer mit Mikrofon Freisprecheinrichtung Anrufe für iPhone 8 7 6 Plus iPad Samsung HTC LG 1 Stück Schwarz","SZ-YSB-AA-21030-1","5","62.50%","9","64.29%","78%","1","20.00%","€17.49","1"
"de","09-15","B074FY2NXX","B07N1DX5C4","NENRENT kabellose Ohrhörer, Bluetooth 5.0 Ture kabellose Ohrhörer HD-Stereo-Audio-Sound, kabellose Kopfhörer mit Ladetasche 18-Stunden-Musikwiedergabezeit, Sportkopfhörer mit eingebautem Mikrofon","SZ-YSB-AA-21407","3","37.50%","5","35.71%","100%","1","33.33%","€39.97","1"
"de","09-16","B074FY2NXX","B01NCKU7JK","NENRENT S570 Bluetooth Kopfhörer, kleinste Mini Invisible V4.1 Wireless Bluetooth Headset Ohrhörer mit Mikrofon Freisprecheinrichtung Anrufe für iPhone 8 7 6 Plus iPad Samsung HTC LG 1 Stück Nackt","SZ-YSB-AA-21075-1","42","100.00%","57","100.00%","98%","3","7.14%","€53.37","3"
"de","09-17","B074FY2NXX","B01NCKU7JK","NENRENT S570 Bluetooth Kopfhörer, kleinste Mini Invisible V4.1 Wireless Bluetooth Headset Ohrhörer mit Mikrofon Freisprecheinrichtung Anrufe für iPhone 8 7 6 Plus iPad Samsung HTC LG 1 Stück Nackt","SZ-YSB-AA-21075-1","38","95.00%","58","96.67%","93%","4","10.53%","€71.16","3"
"de","09-17","B074FY2NXX","B077G2X17J","NENRENT S570 + Bluetooth-Ohrhörer, die kleinste Mini-Wireless-Bluetooth-Headset unsichtbar v4.1 erstellt Zwillinge Kopfhörer mit 400mAh Ladegerät Fall für iPhone Samsung Galaxy lg 1 pipece Schwarz","SZ-YSB-AA-21279-1","2","5.00%","2","3.33%","100%","1","50.00%","€23.47","1"
"de","20200809","B074FY2NXX","B01LYMUB0S","NENRENT S570 Bluetooth Kopfhörer, kleinste Mini Invisible V4.1 Wireless Bluetooth Headset Ohrhörer mit Mikrofon Freisprecheinrichtung Anrufe für iPhone 8 7 6 Plus iPad Samsung HTC LG 1 Stück Schwarz","SZ-YSB-AA-21030-1","3","100.00%","3","100.00%","100%","1","33.33%","€17.49","1"
"es","08-08","B07KG8TZHT","B01NCKU7JK","NENRENT Auriculares inalámbricos S570, Mini Auricular Invisible V4.1 Auriculares con micrófono Llamadas con Manos Libres para iPhone iPad Samsung Galaxy LG HTC Otro teléfono Inteligente (Nude)","SZ-YSB-AA-21075-1","7","100.00%","9","100.00%","100%","1","14.29%","€18.79","1"
"es","08-09","B07KG8TZHT","B01NCKU7JK","NENRENT Auriculares inalámbricos S570, Mini Auricular Invisible V4.1 Auriculares con micrófono Llamadas con Manos Libres para iPhone iPad Samsung Galaxy LG HTC Otro teléfono Inteligente (Nude)","SZ-YSB-AA-21075-1","9","100.00%","17","100.00%","94%","4","44.44%","€75.16","4"
"es","08-10","B07KG8TZHT","B01NCKU7JK","NENRENT Auriculares inalámbricos S570, Mini Auricular Invisible V4.1 Auriculares con micrófono Llamadas con Manos Libres para iPhone iPad Samsung Galaxy LG HTC Otro teléfono Inteligente (Nude)","SZ-YSB-AA-21075-1","5","23.81%","6","20.00%","100%","4","80.00%","€75.16","3"
"es","08-10","B07CBNFDTY","B01LXBZ4WG","NENRENT Auricular S580 con Bluetooth, Tiempo de conversación hasta 12 - 15 Horas, inalámbrico con Bluetooth y con micrófono para Llamadas y Manos Libres; para iPhone, iPad Samsung Galaxy, LG, HTC","SZ-YSB-AA-21035-1","16","76.19%","24","80.00%","96%","1","6.25%","€23.61","1"
"es","08-11","B07CBNFDTY","B01LXBZ4WG","NENRENT Auricular S580 con Bluetooth, Tiempo de conversación hasta 12 - 15 Horas, inalámbrico con Bluetooth y con micrófono para Llamadas y Manos Libres; para iPhone, iPad Samsung Galaxy, LG, HTC","SZ-YSB-AA-21035-1","8","57.14%","9","56.25%","100%","4","50.00%","€94.44","4"
"es","08-11","B07KG8TZHT","B01NCKU7JK","NENRENT Auriculares inalámbricos S570, Mini Auricular Invisible V4.1 Auriculares con micrófono Llamadas con Manos Libres para iPhone iPad Samsung Galaxy LG HTC Otro teléfono Inteligente (Nude)","SZ-YSB-AA-21075-1","6","42.86%","7","43.75%","100%","2","33.33%","€37.58","2"
"es","08-12","B07CBNFDTY","B01LXBZ4WG","NENRENT Auricular S580 con Bluetooth, Tiempo de conversación hasta 12 - 15 Horas, inalámbrico con Bluetooth y con micrófono para Llamadas y Manos Libres; para iPhone, iPad Samsung Galaxy, LG, HTC","SZ-YSB-AA-21035-1","6","100.00%","12","100.00%","92%","2","33.33%","€47.22","2"
"es","08-13","B07CBNFDTY","B01LXBZ4WG","NENRENT Auricular S580 con Bluetooth, Tiempo de conversación hasta 12 - 15 Horas, inalámbrico con Bluetooth y con micrófono para Llamadas y Manos Libres; para iPhone, iPad Samsung Galaxy, LG, HTC","SZ-YSB-AA-21035-1","14","60.87%","17","58.62%","88%","1","7.14%","€23.61","1"
"es","08-13","B07KG8TZHT","B01NCKU7JK","NENRENT Auriculares inalámbricos S570, Mini Auricular Invisible V4.1 Auriculares con micrófono Llamadas con Manos Libres para iPhone iPad Samsung Galaxy LG HTC Otro teléfono Inteligente (Nude)","SZ-YSB-AA-21075-1","9","39.13%","12","41.38%","92%","2","22.22%","€37.58","1"
"es","08-14","B07CBNFDTY","B01LXBZ4WG","NENRENT Auricular S580 con Bluetooth, Tiempo de conversación hasta 12 - 15 Horas, inalámbrico con Bluetooth y con micrófono para Llamadas y Manos Libres; para iPhone, iPad Samsung Galaxy, LG, HTC","SZ-YSB-AA-21035-1","14","66.67%","19","67.86%","100%","1","7.14%","€23.61","1"
"es","08-14","B07KG8TZHT","B01NCKU7JK","NENRENT Auriculares inalámbricos S570, Mini Auricular Invisible V4.1 Auriculares con micrófono Llamadas con Manos Libres para iPhone iPad Samsung Galaxy LG HTC Otro teléfono Inteligente (Nude)","SZ-YSB-AA-21075-1","7","33.33%","9","32.14%","100%","1","14.29%","€18.79","1"
"es","08-15","B07CBNFDTY","B01LXBZ4WG","NENRENT Auricular S580 con Bluetooth, Tiempo de conversación hasta 12 - 15 Horas, inalámbrico con Bluetooth y con micrófono para Llamadas y Manos Libres; para iPhone, iPad Samsung Galaxy, LG, HTC","SZ-YSB-AA-21035-1","2","18.18%","2","13.33%","100%","1","50.00%","€23.61","1"
"es","08-15","B07KG8TZHT","B01NCKU7JK","NENRENT Auriculares inalámbricos S570, Mini Auricular Invisible V4.1 Auriculares con micrófono Llamadas con Manos Libres para iPhone iPad Samsung Galaxy LG HTC Otro teléfono Inteligente (Nude)","SZ-YSB-AA-21075-1","9","81.82%","13","86.67%","85%","1","11.11%","€18.79","1"
"es","08-16","B07KG8TZHT","B01NCKU7JK","NENRENT Auriculares inalámbricos S570, Mini Auricular Invisible V4.1 Auriculares con micrófono Llamadas con Manos Libres para iPhone iPad Samsung Galaxy LG HTC Otro teléfono Inteligente (Nude)","SZ-YSB-AA-21075-1","11","64.71%","15","65.22%","93%","2","18.18%","€37.58","2"
"es","08-16","B07CBNFDTY","B01LXBZ4WG","NENRENT Auricular S580 con Bluetooth, Tiempo de conversación hasta 12 - 15 Horas, inalámbrico con Bluetooth y con micrófono para Llamadas y Manos Libres; para iPhone, iPad Samsung Galaxy, LG, HTC","SZ-YSB-AA-21035-1","5","29.41%","7","30.43%","86%","1","20.00%","€23.61","1"
"es","08-16","B07KG8TZHT","B01LXNNAEY","NENRENT Auriculares inalámbricos S570 Mini Invisible V4.1 Auriculares inalámbricos Bluetooth Auriculares con micrófono Llamadas con Manos Libres para iPhone iPad Samsung Galaxy LG 1 Unidad (Oro Rosa)","SZ-YSB-AA-21033-1","1","5.88%","1","4.35%","100%","1","100.00%","€18.47","1"
"es","08-17","B07CBNFDTY","B01LXBZ4WG","NENRENT Auricular S580 con Bluetooth, Tiempo de conversación hasta 12 - 15 Horas, inalámbrico con Bluetooth y con micrófono para Llamadas y Manos Libres; para iPhone, iPad Samsung Galaxy, LG, HTC","SZ-YSB-AA-21035-1","15","88.24%","18","85.71%","94%","2","13.33%","€47.22","2"
"es","08-17","B07KG8TZHT","B077G21QF1","NENRENT S570 + Bluetooth Auricular, Auricular más pequeño Mini Invisible v4.1 Wireless Bluetooth Headset Auricular con 400mAh Estuche Cargador Dock para iPhone iPad Samsung Galaxy LG HTC","SZ-YSB-AA-21276-1","1","5.88%","1","4.76%","100%","3","300.00%","€71.94","2"
"es","08-17","B07KG8TZHT","B07N1DX5C4","NENRENT Auriculares inalámbricos, Auriculares Bluetooth 5.0 Ture Bluetooth con Estuche de Carga Tiempo de reproducción Las 24 Horas, Auriculares con Sonido estéreo HD con micrófono Incorporado","SZ-YSB-AA-21407","1","5.88%","2","9.52%","100%","1","100.00%","€39.97","1"
"es","08-18","B07KG8TZHT","B01NCKU7JK","NENRENT Auriculares inalámbricos S570, Mini Auricular Invisible V4.1 Auriculares con micrófono Llamadas con Manos Libres para iPhone iPad Samsung Galaxy LG HTC Otro teléfono Inteligente (Nude)","SZ-YSB-AA-21075-1","19","90.48%","27","93.10%","96%","2","10.53%","€37.58","2"
"es","08-18","B07KG8TZHT","B077G21QF1","NENRENT S570 + Bluetooth Auricular, Auricular más pequeño Mini Invisible v4.1 Wireless Bluetooth Headset Auricular con 400mAh Estuche Cargador Dock para iPhone iPad Samsung Galaxy LG HTC","SZ-YSB-AA-21276-1","2","9.52%","2","6.90%","100%","2","100.00%","€47.96","2"
"es","08-19","B07CBNFDTY","B01LXBZ4WG","NENRENT Auricular S580 con Bluetooth, Tiempo de conversación hasta 12 - 15 Horas, inalámbrico con Bluetooth y con micrófono para Llamadas y Manos Libres; para iPhone, iPad Samsung Galaxy, LG, HTC","SZ-YSB-AA-21035-1","14","48.28%","17","47.22%","94%","1","7.14%","€23.61","1"
"es","08-19","B07KG8TZHT","B01NCKU7JK","NENRENT Auriculares inalámbricos S570, Mini Auricular Invisible V4.1 Auriculares con micrófono Llamadas con Manos Libres para iPhone iPad Samsung Galaxy LG HTC Otro teléfono Inteligente (Nude)","SZ-YSB-AA-21075-1","15","51.72%","19","52.78%","95%","1","6.67%","€18.79","1"
"es","08-20","B07CBNFDTY","B01LXBZ4WG","NENRENT Auricular S580 con Bluetooth, Tiempo de conversación hasta 12 - 15 Horas, inalámbrico con Bluetooth y con micrófono para Llamadas y Manos Libres; para iPhone, iPad Samsung Galaxy, LG, HTC","SZ-YSB-AA-21035-1","6","100.00%","8","100.00%","100%","2","33.33%","€47.22","2"
"es","08-21","B07CBNFDTY","B01LXBZ4WG","NENRENT Auricular S580 con Bluetooth, Tiempo de conversación hasta 12 - 15 Horas, inalámbrico con Bluetooth y con micrófono para Llamadas y Manos Libres; para iPhone, iPad Samsung Galaxy, LG, HTC","SZ-YSB-AA-21035-1","9","45.00%","12","50.00%","92%","3","33.33%","€70.83","3"
"es","08-21","B07KG8TZHT","B01NCKU7JK","NENRENT Auriculares inalámbricos S570, Mini Auricular Invisible V4.1 Auriculares con micrófono Llamadas con Manos Libres para iPhone iPad Samsung Galaxy LG HTC Otro teléfono Inteligente (Nude)","SZ-YSB-AA-21075-1","11","55.00%","12","50.00%","92%","1","9.09%","€18.79","1"
"es","08-22","B07CBNFDTY","B01LXBZ4WG","NENRENT Auricular S580 con Bluetooth, Tiempo de conversación hasta 12 - 15 Horas, inalámbrico con Bluetooth y con micrófono para Llamadas y Manos Libres; para iPhone, iPad Samsung Galaxy, LG, HTC","SZ-YSB-AA-21035-1","10","100.00%","18","100.00%","100%","3","30.00%","€70.83","3"
"es","08-22","B07KG8TZHT","B01LYMUB0S","NENRENT S570 Auriculare inalámbricos más pequeños Invisibles Mini V4.1 Auriculare inalámbrico con Bluetooth Auriculares con micrófono Llamadas con Manos Libres para iPhone iPad Samsung Galaxy 1 Pieza","SZ-YSB-AA-21030-1","0","0.00%","0","0.00%","0%","1","0.00%","€18.47","1"
"es","08-23","B07KG8TZHT","B01NCKU7JK","NENRENT Auriculares inalámbricos S570, Mini Auricular Invisible V4.1 Auriculares con micrófono Llamadas con Manos Libres para iPhone iPad Samsung Galaxy LG HTC Otro teléfono Inteligente (Nude)","SZ-YSB-AA-21075-1","13","100.00%","20","100.00%","90%","4","30.77%","€75.16","2"
"es","08-24","B07KG8TZHT","B01LXNNAEY","NENRENT Auriculares inalámbricos S570 Mini Invisible V4.1 Auriculares inalámbricos Bluetooth Auriculares con micrófono Llamadas con Manos Libres para iPhone iPad Samsung Galaxy LG 1 Unidad (Oro Rosa)","SZ-YSB-AA-21033-1","3","13.04%","5","11.36%","100%","1","33.33%","€18.47","1"
"es","08-24","B07KG8TZHT","B01NCKU7JK","NENRENT Auriculares inalámbricos S570, Mini Auricular Invisible V4.1 Auriculares con micrófono Llamadas con Manos Libres para iPhone iPad Samsung Galaxy LG HTC Otro teléfono Inteligente (Nude)","SZ-YSB-AA-21075-1","19","82.61%","38","86.36%","97%","1","5.26%","€18.79","1"
"es","08-24","B07KG8TZHT","B077G21QF1","NENRENT S570 + Bluetooth Auricular, Auricular más pequeño Mini Invisible v4.1 Wireless Bluetooth Headset Auricular con 400mAh Estuche Cargador Dock para iPhone iPad Samsung Galaxy LG HTC","SZ-YSB-AA-21276-1","1","4.35%","1","2.27%","100%","1","100.00%","€23.98","1"
"es","08-25","B07CBNFDTY","B01LXBZ4WG","NENRENT Auricular S580 con Bluetooth, Tiempo de conversación hasta 12 - 15 Horas, inalámbrico con Bluetooth y con micrófono para Llamadas y Manos Libres; para iPhone, iPad Samsung Galaxy, LG, HTC","SZ-YSB-AA-21035-1","6","28.57%","9","23.68%","67%","2","33.33%","€47.22","2"
"es","08-25","B07KG8TZHT","B01NCKU7JK","NENRENT Auriculares inalámbricos S570, Mini Auricular Invisible V4.1 Auriculares con micrófono Llamadas con Manos Libres para iPhone iPad Samsung Galaxy LG HTC Otro teléfono Inteligente (Nude)","SZ-YSB-AA-21075-1","15","71.43%","29","76.32%","86%","2","13.33%","€37.58","2"
"es","08-27","B07CBNFDTY","B01LXBZ4WG","NENRENT Auricular S580 con Bluetooth, Tiempo de conversación hasta 12 - 15 Horas, inalámbrico con Bluetooth y con micrófono para Llamadas y Manos Libres; para iPhone, iPad Samsung Galaxy, LG, HTC","SZ-YSB-AA-21035-1","17","45.95%","18","37.50%","94%","4","23.53%","€94.44","4"
"es","08-27","B07KG8TZHT","B01NCKU7JK","NENRENT Auriculares inalámbricos S570, Mini Auricular Invisible V4.1 Auriculares con micrófono Llamadas con Manos Libres para iPhone iPad Samsung Galaxy LG HTC Otro teléfono Inteligente (Nude)","SZ-YSB-AA-21075-1","20","54.05%","30","62.50%","90%","1","5.00%","€18.79","1"
"es","08-28","B07CBNFDTY","B01LXBZ4WG","NENRENT Auricular S580 con Bluetooth, Tiempo de conversación hasta 12 - 15 Horas, inalámbrico con Bluetooth y con micrófono para Llamadas y Manos Libres; para iPhone, iPad Samsung Galaxy, LG, HTC","SZ-YSB-AA-21035-1","8","25.81%","9","25.00%","89%","1","12.50%","€23.61","1"
"es","08-28","B07KG8TZHT","B01LYMUB0S","NENRENT S570 Auriculare inalámbricos más pequeños Invisibles Mini V4.1 Auriculare inalámbrico con Bluetooth Auriculares con micrófono Llamadas con Manos Libres para iPhone iPad Samsung Galaxy 1 Pieza","SZ-YSB-AA-21030-1","1","3.23%","2","5.56%","100%","1","100.00%","€18.47","1"
"es","08-28","B07KG8TZHT","B01NCKU7JK","NENRENT Auriculares inalámbricos S570, Mini Auricular Invisible V4.1 Auriculares con micrófono Llamadas con Manos Libres para iPhone iPad Samsung Galaxy LG HTC Otro teléfono Inteligente (Nude)","SZ-YSB-AA-21075-1","21","67.74%","24","66.67%","100%","1","4.76%","€18.79","1"
"es","08-28","B07KG8TZHT","B077G2X17J","NENRENT S570 + Bluetooth Auricular, Auricular más pequeño Mini Invisible v4.1 Wireless Bluetooth Headset Auricular con 400mAh Estuche Cargador Dock para iPhone iPad Samsung Galaxy LG HTC 1pcs Black","SZ-YSB-AA-21279-1","1","3.23%","1","2.78%","100%","1","100.00%","€23.98","1"
"es","08-29","B07CBNFDTY","B01LXBZ4WG","NENRENT Auricular S580 con Bluetooth, Tiempo de conversación hasta 12 - 15 Horas, inalámbrico con Bluetooth y con micrófono para Llamadas y Manos Libres; para iPhone, iPad Samsung Galaxy, LG, HTC","SZ-YSB-AA-21035-1","9","100.00%","10","100.00%","100%","2","22.22%","€47.22","2"
"es","08-30","B07CBNFDTY","B01LXBZ4WG","NENRENT Auricular S580 con Bluetooth, Tiempo de conversación hasta 12 - 15 Horas, inalámbrico con Bluetooth y con micrófono para Llamadas y Manos Libres; para iPhone, iPad Samsung Galaxy, LG, HTC","SZ-YSB-AA-21035-1","13","36.11%","15","33.33%","93%","1","7.69%","€23.61","1"
"es","08-30","B07KG8TZHT","B01NCKU7JK","NENRENT Auriculares inalámbricos S570, Mini Auricular Invisible V4.1 Auriculares con micrófono Llamadas con Manos Libres para iPhone iPad Samsung Galaxy LG HTC Otro teléfono Inteligente (Nude)","SZ-YSB-AA-21075-1","23","63.89%","30","66.67%","100%","1","4.35%","€18.79","1"
"es","08-31","B07CBNFDTY","B01LXBZ4WG","NENRENT Auricular S580 con Bluetooth, Tiempo de conversación hasta 12 - 15 Horas, inalámbrico con Bluetooth y con micrófono para Llamadas y Manos Libres; para iPhone, iPad Samsung Galaxy, LG, HTC","SZ-YSB-AA-21035-1","9","29.03%","13","29.55%","85%","1","11.11%","€23.61","1"
"es","08-31","B07KG8TZHT","B01LXNNAEY","NENRENT Auriculares inalámbricos S570 Mini Invisible V4.1 Auriculares inalámbricos Bluetooth Auriculares con micrófono Llamadas con Manos Libres para iPhone iPad Samsung Galaxy LG 1 Unidad (Oro Rosa)","SZ-YSB-AA-21033-1","2","6.45%","2","4.55%","100%","1","50.00%","€18.47","1"
"es","08-31","B07KG8TZHT","B01NCKU7JK","NENRENT Auriculares inalámbricos S570, Mini Auricular Invisible V4.1 Auriculares con micrófono Llamadas con Manos Libres para iPhone iPad Samsung Galaxy LG HTC Otro teléfono Inteligente (Nude)","SZ-YSB-AA-21075-1","20","64.52%","29","65.91%","100%","1","5.00%","€18.79","1"
"es","09-02","B07KG8TZHT","B01NCKU7JK","NENRENT Auriculares inalámbricos S570, Mini Auricular Invisible V4.1 Auriculares con micrófono Llamadas con Manos Libres para iPhone iPad Samsung Galaxy LG HTC Otro teléfono Inteligente (Nude)","SZ-YSB-AA-21075-1","15","100.00%","27","100.00%","63%","1","6.67%","€18.79","1"
"es","09-03","B07CBNFDTY","B01LXBZ4WG","NENRENT Auricular S580 con Bluetooth, Tiempo de conversación hasta 12 - 15 Horas, inalámbrico con Bluetooth y con micrófono para Llamadas y Manos Libres; para iPhone, iPad Samsung Galaxy, LG, HTC","SZ-YSB-AA-21035-1","15","83.33%","17","77.27%","100%","3","20.00%","€70.83","3"
"es","09-03","B07KG8TZHT","B077G2MZ2K","NENRENT Auriculares inalámbricos, Auriculares Bluetooth 5.0 Ture Bluetooth con Estuche de Carga Tiempo de reproducción Las 24 Horas, Auriculares con Sonido estéreo HD con micrófono Incorporado","SZ-YSB-AA-21287","1","5.56%","1","4.55%","100%","1","100.00%","€39.97","1"
"es","09-03","B07KG8TZHT","B07N1DX5C4","NENRENT Auriculares inalámbricos, Auriculares Bluetooth 5.0 Ture Bluetooth con Estuche de Carga Tiempo de reproducción Las 24 Horas, Auriculares con Sonido estéreo HD con micrófono Incorporado","SZ-YSB-AA-21407","2","11.11%","4","18.18%","100%","1","50.00%","€39.97","1"
"es","09-04","B07KG8TZHT","B01LYMUB0S","NENRENT S570 Auriculare inalámbricos más pequeños Invisibles Mini V4.1 Auriculare inalámbrico con Bluetooth Auriculares con micrófono Llamadas con Manos Libres para iPhone iPad Samsung Galaxy 1 Pieza","SZ-YSB-AA-21030-1","0","0.00%","0","0.00%","0%","1","0.00%","€18.47","1"
"es","09-04","B07KG8TZHT","B077G21QF1","NENRENT S570 + Bluetooth Auricular, Auricular más pequeño Mini Invisible v4.1 Wireless Bluetooth Headset Auricular con 400mAh Estuche Cargador Dock para iPhone iPad Samsung Galaxy LG HTC","SZ-YSB-AA-21276-1","0","0.00%","0","0.00%","0%","1","0.00%","€23.98","1"
"es","09-05","B07KG8TZHT","B01LXNNAEY","NENRENT Auriculares inalámbricos S570 Mini Invisible V4.1 Auriculares inalámbricos Bluetooth Auriculares con micrófono Llamadas con Manos Libres para iPhone iPad Samsung Galaxy LG 1 Unidad (Oro Rosa)","SZ-YSB-AA-21033-1","2","100.00%","4","100.00%","75%","1","50.00%","€18.47","1"
"es","09-07","B07CBNFDTY","B01LXBZ4WG","NENRENT Auricular S580 con Bluetooth, Tiempo de conversación hasta 12 - 15 Horas, inalámbrico con Bluetooth y con micrófono para Llamadas y Manos Libres; para iPhone, iPad Samsung Galaxy, LG, HTC","SZ-YSB-AA-21035-1","13","100.00%","13","100.00%","100%","1","7.69%","€23.61","1"
"es","09-09","B07CBNFDTY","B01LXBZ4WG","NENRENT Auricular S580 con Bluetooth, Tiempo de conversación hasta 12 - 15 Horas, inalámbrico con Bluetooth y con micrófono para Llamadas y Manos Libres; para iPhone, iPad Samsung Galaxy, LG, HTC","SZ-YSB-AA-21035-1","13","100.00%","15","100.00%","93%","1","7.69%","€23.61","1"
"es","09-1","B07CBNFDTY","B01LXBZ4WG","NENRENT Auricular S580 con Bluetooth, Tiempo de conversación hasta 12 - 15 Horas, inalámbrico con Bluetooth y con micrófono para Llamadas y Manos Libres; para iPhone, iPad Samsung Galaxy, LG, HTC","SZ-YSB-AA-21035-1","17","48.57%","20","47.62%","95%","3","17.65%","€70.83","3"
"es","09-1","B07KG8TZHT","B01NCKU7JK","NENRENT Auriculares inalámbricos S570, Mini Auricular Invisible V4.1 Auriculares con micrófono Llamadas con Manos Libres para iPhone iPad Samsung Galaxy LG HTC Otro teléfono Inteligente (Nude)","SZ-YSB-AA-21075-1","18","51.43%","22","52.38%","100%","1","5.56%","€18.79","1"
"es","09-10","B07CBNFDTY","B01LXBZ4WG","NENRENT Auricular S580 con Bluetooth, Tiempo de conversación hasta 12 - 15 Horas, inalámbrico con Bluetooth y con micrófono para Llamadas y Manos Libres; para iPhone, iPad Samsung Galaxy, LG, HTC","SZ-YSB-AA-21035-1","12","100.00%","17","100.00%","100%","1","8.33%","€23.61","1"
"es","09-11","B07CBNFDTY","B01LXBZ4WG","NENRENT Auricular S580 con Bluetooth, Tiempo de conversación hasta 12 - 15 Horas, inalámbrico con Bluetooth y con micrófono para Llamadas y Manos Libres; para iPhone, iPad Samsung Galaxy, LG, HTC","SZ-YSB-AA-21035-1","16","100.00%","28","100.00%","86%","4","25.00%","€94.44","4"
"es","09-13","B07CBNFDTY","B01LXBZ4WG","NENRENT Auricular S580 con Bluetooth, Tiempo de conversación hasta 12 - 15 Horas, inalámbrico con Bluetooth y con micrófono para Llamadas y Manos Libres; para iPhone, iPad Samsung Galaxy, LG, HTC","SZ-YSB-AA-21035-1","7","100.00%","12","100.00%","92%","2","28.57%","€47.22","2"
"es","09-14","B07CBNFDTY","B01LXBZ4WG","NENRENT Auricular S580 con Bluetooth, Tiempo de conversación hasta 12 - 15 Horas, inalámbrico con Bluetooth y con micrófono para Llamadas y Manos Libres; para iPhone, iPad Samsung Galaxy, LG, HTC","SZ-YSB-AA-21035-1","13","81.25%","19","86.36%","89%","2","15.38%","€47.22","2"
"es","09-14","B07KG8TZHT","B01LYMUB0S","NENRENT S570 Auriculare inalámbricos más pequeños Invisibles Mini V4.1 Auriculare inalámbrico con Bluetooth Auriculares con micrófono Llamadas con Manos Libres para iPhone iPad Samsung Galaxy 1 Pieza","SZ-YSB-AA-21030-1","3","18.75%","3","13.64%","100%","1","33.33%","€18.47","1"
"es","09-15","B07CBNFDTY","B01LXBZ4WG","NENRENT Auricular S580 con Bluetooth, Tiempo de conversación hasta 12 - 15 Horas, inalámbrico con Bluetooth y con micrófono para Llamadas y Manos Libres; para iPhone, iPad Samsung Galaxy, LG, HTC","SZ-YSB-AA-21035-1","23","100.00%","33","100.00%","91%","4","17.39%","€94.44","3"
"es","09-16","B07CBNFDTY","B01LXBZ4WG","NENRENT Auricular S580 con Bluetooth, Tiempo de conversación hasta 12 - 15 Horas, inalámbrico con Bluetooth y con micrófono para Llamadas y Manos Libres; para iPhone, iPad Samsung Galaxy, LG, HTC","SZ-YSB-AA-21035-1","7","100.00%","12","100.00%","25%","2","28.57%","€47.22","2"
"fr","08-08","B01N6JBSLS","B01LXBZ4WG","HAVIT Ecouteur Bluetooth Sans Fil V4.2 ＆ IPX5, Oreillette Bluetooth avec 10 heures de jeu et 10M sans fil gamme pour sport & jogging, microphone intégré - pour iPhone, iPad, Smartphones, Tablettes","SZ-YSB-AA-21035-1","3","100.00%","4","100.00%","100%","1","33.33%","€24.64","1"
"fr","08-10","B01N6JBSLS","B01LXBZ4WG","HAVIT Ecouteur Bluetooth Sans Fil V4.2 ＆ IPX5, Oreillette Bluetooth avec 10 heures de jeu et 10M sans fil gamme pour sport & jogging, microphone intégré - pour iPhone, iPad, Smartphones, Tablettes","SZ-YSB-AA-21035-1","4","100.00%","4","100.00%","100%","1","25.00%","€24.64","1"
"fr","08-12","B01N7KN6LD","B01NCKU7JK","NENRENT S570 Oreillette Bluetooth V4.1 stéréo pour le sport mini ergonomique et anti-transpiration à jogger fil avec microphone pour iPhone,iPad, Samsung et d'autres appareils Bluetooth 1 pièce Nude","SZ-YSB-AA-21075-1","2","66.67%","3","75.00%","67%","2","100.00%","€39.58","2"
"fr","08-12","B01N6JBSLS","B01LXBZ4WG","HAVIT Ecouteur Bluetooth Sans Fil V4.2 ＆ IPX5, Oreillette Bluetooth avec 10 heures de jeu et 10M sans fil gamme pour sport & jogging, microphone intégré - pour iPhone, iPad, Smartphones, Tablettes","SZ-YSB-AA-21035-1","1","33.33%","1","25.00%","100%","1","100.00%","€24.64","1"
"fr","08-14","B01N7KN6LD","B01NCKU7JK","NENRENT S570 Oreillette Bluetooth V4.1 stéréo pour le sport mini ergonomique et anti-transpiration à jogger fil avec microphone pour iPhone,iPad, Samsung et d'autres appareils Bluetooth 1 pièce Nude","SZ-YSB-AA-21075-1","2","100.00%","3","100.00%","100%","1","50.00%","€19.79","1"
"fr","08-15","B01N6JBSLS","B01LXBZ4WG","HAVIT Ecouteur Bluetooth Sans Fil V4.2 ＆ IPX5, Oreillette Bluetooth avec 10 heures de jeu et 10M sans fil gamme pour sport & jogging, microphone intégré - pour iPhone, iPad, Smartphones, Tablettes","SZ-YSB-AA-21035-1","4","100.00%","7","100.00%","86%","1","25.00%","€24.64","1"
"fr","08-16","B01N7KN6LD","B01LXNNAEY","NENRENT S570 Oreillette Bluetooth V4.1 stéréo pour le sport mini ergonomique et anti-transpiration à jogger fil avec microphone pour iPhone,iPad, Samsung et d'autres appareils Bluetooth 1 pièce Rose G","SZ-YSB-AA-21033-1","2","100.00%","6","100.00%","83%","1","50.00%","€19.49","1"
"fr","08-18","B01N6JBSLS","B01LXBZ4WG","HAVIT Ecouteur Bluetooth Sans Fil V4.2 ＆ IPX5, Oreillette Bluetooth avec 10 heures de jeu et 10M sans fil gamme pour sport & jogging, microphone intégré - pour iPhone, iPad, Smartphones, Tablettes","SZ-YSB-AA-21035-1","2","100.00%","2","100.00%","100%","1","50.00%","€24.64","1"
"fr","08-19","B01N7KN6LD","B01NCKU7JK","NENRENT S570 Oreillette Bluetooth V4.1 stéréo pour le sport mini ergonomique et anti-transpiration à jogger fil avec microphone pour iPhone,iPad, Samsung et d'autres appareils Bluetooth 1 pièce Nude","SZ-YSB-AA-21075-1","5","100.00%","6","100.00%","100%","2","40.00%","€39.58","2"
"fr","08-20","B01N7KN6LD","B01NCKU7JK","NENRENT S570 Oreillette Bluetooth V4.1 stéréo pour le sport mini ergonomique et anti-transpiration à jogger fil avec microphone pour iPhone,iPad, Samsung et d'autres appareils Bluetooth 1 pièce Nude","SZ-YSB-AA-21075-1","6","100.00%","11","100.00%","91%","2","33.33%","€39.58","2"
"fr","08-21","B01N7KN6LD","B01NCKU7JK","NENRENT S570 Oreillette Bluetooth V4.1 stéréo pour le sport mini ergonomique et anti-transpiration à jogger fil avec microphone pour iPhone,iPad, Samsung et d'autres appareils Bluetooth 1 pièce Nude","SZ-YSB-AA-21075-1","4","100.00%","5","100.00%","80%","2","50.00%","€39.58","2"
"fr","08-24","B01N6JBSLS","B01LXBZ4WG","HAVIT Ecouteur Bluetooth Sans Fil V4.2 ＆ IPX5, Oreillette Bluetooth avec 10 heures de jeu et 10M sans fil gamme pour sport & jogging, microphone intégré - pour iPhone, iPad, Smartphones, Tablettes","SZ-YSB-AA-21035-1","2","16.67%","4","25.00%","75%","1","50.00%","€24.64","1"
"fr","08-24","B01N7KN6LD","B01NCKU7JK","NENRENT S570 Oreillette Bluetooth V4.1 stéréo pour le sport mini ergonomique et anti-transpiration à jogger fil avec microphone pour iPhone,iPad, Samsung et d'autres appareils Bluetooth 1 pièce Nude","SZ-YSB-AA-21075-1","10","83.33%","12","75.00%","100%","1","10.00%","€19.79","1"
"fr","08-27","B01N7KN6LD","B01NCKU7JK","NENRENT S570 Oreillette Bluetooth V4.1 stéréo pour le sport mini ergonomique et anti-transpiration à jogger fil avec microphone pour iPhone,iPad, Samsung et d'autres appareils Bluetooth 1 pièce Nude","SZ-YSB-AA-21075-1","7","100.00%","11","100.00%","100%","1","14.29%","€19.79","1"
"fr","08-28","B07CWF32PQ","B07CWF32PQ","NENRENT Pur Filtre 2 Remplacement du Filtre à Eau pour Whirlpool EDR2RXD1, WRF989SDAB, WRF989SDAF, WRF989SDAF, WRF989SDAH, WRF989SDAM, WRF989SDAW et P6WB2L, P6WB2NL, P6RFWB2.2014","SZ-YSB-AA-21299","2","100.00%","4","100.00%","100%","2","100.00%","€16.96","1"
"fr","08-31","B01N7KN6LD","B01NCKU7JK","NENRENT S570 Oreillette Bluetooth V4.1 stéréo pour le sport mini ergonomique et anti-transpiration à jogger fil avec microphone pour iPhone,iPad, Samsung et d'autres appareils Bluetooth 1 pièce Nude","SZ-YSB-AA-21075-1","7","100.00%","10","100.00%","90%","1","14.29%","€19.79","1"
"fr","09-01","B01N7KN6LD","B01NCKU7JK","NENRENT S570 Oreillette Bluetooth V4.1 stéréo pour le sport mini ergonomique et anti-transpiration à jogger fil avec microphone pour iPhone,iPad, Samsung et d'autres appareils Bluetooth 1 pièce Nude","SZ-YSB-AA-21075-1","4","100.00%","5","100.00%","100%","2","50.00%","€39.58","2"
"fr","09-02","B01N6JBSLS","B01LXBZ4WG","HAVIT Ecouteur Bluetooth Sans Fil V4.2 ＆ IPX5, Oreillette Bluetooth avec 10 heures de jeu et 10M sans fil gamme pour sport & jogging, microphone intégré - pour iPhone, iPad, Smartphones, Tablettes","SZ-YSB-AA-21035-1","1","100.00%","1","100.00%","100%","1","100.00%","€24.64","1"
"fr","09-03","B01N7KN6LD","B01NCKU7JK","NENRENT S570 Oreillette Bluetooth V4.1 stéréo pour le sport mini ergonomique et anti-transpiration à jogger fil avec microphone pour iPhone,iPad, Samsung et d'autres appareils Bluetooth 1 pièce Nude","SZ-YSB-AA-21075-1","4","100.00%","4","100.00%","100%","1","25.00%","€19.79","1"
"fr","09-04","B01N7KN6LD","B01NCKU7JK","NENRENT S570 Oreillette Bluetooth V4.1 stéréo pour le sport mini ergonomique et anti-transpiration à jogger fil avec microphone pour iPhone,iPad, Samsung et d'autres appareils Bluetooth 1 pièce Nude","SZ-YSB-AA-21075-1","6","100.00%","6","100.00%","100%","1","16.67%","€19.79","1"
"fr","09-06","B01N6JBSLS","B01LXBZ4WG","HAVIT Ecouteur Bluetooth Sans Fil V4.2 ＆ IPX5, Oreillette Bluetooth avec 10 heures de jeu et 10M sans fil gamme pour sport & jogging, microphone intégré - pour iPhone, iPad, Smartphones, Tablettes","SZ-YSB-AA-21035-1","5","100.00%","7","100.00%","100%","1","20.00%","€24.64","1"
"fr","09-07","B01N6JBSLS","B01LXBZ4WG","HAVIT Ecouteur Bluetooth Sans Fil V4.2 ＆ IPX5, Oreillette Bluetooth avec 10 heures de jeu et 10M sans fil gamme pour sport & jogging, microphone intégré - pour iPhone, iPad, Smartphones, Tablettes","SZ-YSB-AA-21035-1","4","36.36%","8","47.06%","88%","1","25.00%","€24.64","1"
"fr","09-07","B01N7KN6LD","B01NCKU7JK","NENRENT S570 Oreillette Bluetooth V4.1 stéréo pour le sport mini ergonomique et anti-transpiration à jogger fil avec microphone pour iPhone,iPad, Samsung et d'autres appareils Bluetooth 1 pièce Nude","SZ-YSB-AA-21075-1","7","63.64%","9","52.94%","89%","1","14.29%","€19.79","1"
"fr","09-07","B01N7KN6LD","B077G21QF1","NENRENT S570+ Bluetooth sans Fil Invisible Plus Petit Mini v4.1 écouteur, écouteurs Bluetooth oreillette Casque Double tarification écouteur avec 400mah Jumeaux pour iphone ipad, Samsung Galaxy LG 1PC","SZ-YSB-AA-21276-1","0","0.00%","0","0.00%","0%","1","0.00%","€28.99","1"
"fr","09-11","B01N7KN6LD","B01NCKU7JK","NENRENT S570 Oreillette Bluetooth V4.1 stéréo pour le sport mini ergonomique et anti-transpiration à jogger fil avec microphone pour iPhone,iPad, Samsung et d'autres appareils Bluetooth 1 pièce Nude","SZ-YSB-AA-21075-1","1","100.00%","3","100.00%","100%","1","100.00%","€19.79","1"
"fr","09-14","B01N6JBSLS","B01LXBZ4WG","HAVIT Ecouteur Bluetooth Sans Fil V4.2 ＆ IPX5, Oreillette Bluetooth avec 10 heures de jeu et 10M sans fil gamme pour sport & jogging, microphone intégré - pour iPhone, iPad, Smartphones, Tablettes","SZ-YSB-AA-21035-1","4","100.00%","5","100.00%","80%","1","25.00%","€24.64","1"
"fr","09-17","B01N7KN6LD","B01LXNNAEY","NENRENT S570 Oreillette Bluetooth V4.1 stéréo pour le sport mini ergonomique et anti-transpiration à jogger fil avec microphone pour iPhone,iPad, Samsung et d'autres appareils Bluetooth 1 pièce Rose G","SZ-YSB-AA-21033-1","1","50.00%","1","33.33%","0%","1","100.00%","€19.49","1"
"fr","09-17","B01N7KN6LD","B01LYMUB0S","NENRENT S570 Oreillette Bluetooth V4.1 stéréo pour le sport mini ergonomique et anti-transpiration à jogger fil avec microphone pour iPhone,iPad, Samsung et d'autres appareils Bluetooth 1 pièce Black","SZ-YSB-AA-21030-1","1","50.00%","2","66.67%","100%","2","200.00%","€38.98","1"
"it","08-09","B07BN3ZFDV","B01LXBZ4WG","NENRENT S580 - Auricolare Bluetooth, tempo di chiamata lungo fino a 12-15 ore, con microfono, vivavoce, per iPhone, iPad, Samsung Galaxy, HTC, LG e altri smartphone","SZ-YSB-AA-21035-1","4","100.00%","5","100.00%","100%","1","25.00%","€24.30","1"
"it","08-15","B07BN3ZFDV","B01LXBZ4WG","NENRENT S580 - Auricolare Bluetooth, tempo di chiamata lungo fino a 12-15 ore, con microfono, vivavoce, per iPhone, iPad, Samsung Galaxy, HTC, LG e altri smartphone","SZ-YSB-AA-21035-1","2","100.00%","5","100.00%","60%","1","50.00%","€24.30","1"
"it","08-20","B07BN3ZFDV","B01LXBZ4WG","NENRENT S580 - Auricolare Bluetooth, tempo di chiamata lungo fino a 12-15 ore, con microfono, vivavoce, per iPhone, iPad, Samsung Galaxy, HTC, LG e altri smartphone","SZ-YSB-AA-21035-1","5","100.00%","5","100.00%","100%","1","20.00%","€24.30","1"
"it","08-25","B07BN3ZFDV","B01LXBZ4WG","NENRENT S580 - Auricolare Bluetooth, tempo di chiamata lungo fino a 12-15 ore, con microfono, vivavoce, per iPhone, iPad, Samsung Galaxy, HTC, LG e altri smartphone","SZ-YSB-AA-21035-1","3","100.00%","7","100.00%","71%","1","33.33%","€24.30","1"
"it","08-31","B07BN3ZFDV","B01LXBZ4WG","NENRENT S580 - Auricolare Bluetooth, tempo di chiamata lungo fino a 12-15 ore, con microfono, vivavoce, per iPhone, iPad, Samsung Galaxy, HTC, LG e altri smartphone","SZ-YSB-AA-21035-1","5","100.00%","5","100.00%","100%","1","20.00%","€24.30","1"
"it","09-04","B07BN3ZFDV","B01LXBZ4WG","NENRENT S580 - Auricolare Bluetooth, tempo di chiamata lungo fino a 12-15 ore, con microfono, vivavoce, per iPhone, iPad, Samsung Galaxy, HTC, LG e altri smartphone","SZ-YSB-AA-21035-1","4","100.00%","6","100.00%","100%","1","25.00%","€24.30","1"
"it","09-06","B07BN3ZFDV","B01LXBZ4WG","NENRENT S580 - Auricolare Bluetooth, tempo di chiamata lungo fino a 12-15 ore, con microfono, vivavoce, per iPhone, iPad, Samsung Galaxy, HTC, LG e altri smartphone","SZ-YSB-AA-21035-1","2","100.00%","2","100.00%","100%","1","50.00%","€24.30","1"
"it","09-09","B07BN3ZFDV","B01LXBZ4WG","NENRENT S580 - Auricolare Bluetooth, tempo di chiamata lungo fino a 12-15 ore, con microfono, vivavoce, per iPhone, iPad, Samsung Galaxy, HTC, LG e altri smartphone","SZ-YSB-AA-21035-1","3","75.00%","4","66.67%","75%","1","33.33%","€24.30","1"
"it","09-09","B07KG2JGVB","B077G21QF1","nenrent s570 + bluetooth auricolare, piccola mini invisibile v4.1 wireless bluetooth cuffie cuffia auricolare con tariffazione auricolare 400mah caso molo per iphone ipad samsung galaxy lg htc 1pcs","SZ-YSB-AA-21276-1","1","25.00%","2","33.33%","100%","1","100.00%","€24.98","1"
"it","09-10","B07KG2JGVB","B01LXNNAEY","Nenrent S570 Bluetooth per cuffie, più piccola mini invisibile v4.1 wireless Bluetooth, cuffie auricolari con microfono vivavoce per iPhone, iPad, Samsung Galaxy, HTC, LG e altri smartphone","SZ-YSB-AA-21033-1","2","100.00%","6","100.00%","83%","1","50.00%","€18.99","1"
"it","09-11","B07BN3ZFDV","B01LXBZ4WG","NENRENT S580 - Auricolare Bluetooth, tempo di chiamata lungo fino a 12-15 ore, con microfono, vivavoce, per iPhone, iPad, Samsung Galaxy, HTC, LG e altri smartphone","SZ-YSB-AA-21035-1","2","100.00%","2","100.00%","100%","1","50.00%","€24.30","1"
"it","09-14","B07BN3ZFDV","B01LXBZ4WG","NENRENT S580 - Auricolare Bluetooth, tempo di chiamata lungo fino a 12-15 ore, con microfono, vivavoce, per iPhone, iPad, Samsung Galaxy, HTC, LG e altri smartphone","SZ-YSB-AA-21035-1","4","100.00%","4","100.00%","100%","1","25.00%","€24.30","1"
"it","09-16","B07KG2JGVB","B01LXNNAEY","Nenrent S570 Bluetooth per cuffie, più piccola mini invisibile v4.1 wireless Bluetooth, cuffie auricolari con microfono vivavoce per iPhone, iPad, Samsung Galaxy, HTC, LG e altri smartphone","SZ-YSB-AA-21033-1","4","100.00%","4","100.00%","100%","1","25.00%","€18.99","1"
"it","09-17","B07KG2JGVB","B01LXNNAEY","Nenrent S570 Bluetooth per cuffie, più piccola mini invisibile v4.1 wireless Bluetooth, cuffie auricolari con microfono vivavoce per iPhone, iPad, Samsung Galaxy, HTC, LG e altri smartphone","SZ-YSB-AA-21033-1","5","100.00%","10","100.00%","100%","1","20.00%","€18.99","1"
"uk","08-09","B01NCKU7JK","B01NCKU7JK","NENRENT S570 Wireless Earbud, Smallest Mini Invisible V4.1 Wireless Bluetooth Earpiece Headset Headphone Earphone with Mic Hands-Free Calls for Cellphone and More 1 Unit","SZ-YSB-AA-21075-1","35","60.34%","45","60.81%","89%","3","8.57%","£44.94","3"
"uk","08-09","B07BWQSNTS","B01LXBZ4WG","NENRENT S580 Bluetooth Headset, Longest Call time up to 12-15 hour Wireless Bluetooth Earpiece Earbud Headphone Earphone with Mic Hands-Free Calls for iPhone iPad Samsung Galaxy LG 1 Unit (Black)","SZ-YSB-AA-21035-1","23","39.66%","29","39.19%","93%","1","4.35%","£18.99","1"
"uk","08-10","B07BWQSNTS","B01LXBZ4WG","NENRENT S580 Bluetooth Headset, Longest Call time up to 12-15 hour Wireless Bluetooth Earpiece Earbud Headphone Earphone with Mic Hands-Free Calls for iPhone iPad Samsung Galaxy LG 1 Unit (Black)","SZ-YSB-AA-21035-1","32","37.21%","37","34.58%","100%","4","12.50%","£75.96","4"
"uk","08-10","B01NCKU7JK","B01NCKU7JK","NENRENT S570 Wireless Earbud, Smallest Mini Invisible V4.1 Wireless Bluetooth Earpiece Headset Headphone Earphone with Mic Hands-Free Calls for Cellphone and More 1 Unit","SZ-YSB-AA-21075-1","44","51.16%","56","52.34%","96%","4","9.09%","£59.92","4"
"uk","08-10","B01LYMUB0S","B01LYMUB0S","NENRENT S570 Wireless Earbud, Smallest Mini Invisible V4.1 Wireless Bluetooth Earpiece Headset Headphone Earphone with Mic Hands-Free Calls for Cellphone and More 1 Unit (Black)","SZ-YSB-AA-21030-1","3","3.49%","4","3.74%","100%","2","66.67%","£29.96","2"
"uk","08-10","B077G2MZ2K","B077G2MZ2K","NENRENT S570 TWS Bluetooth Earbuds 5.0 Ture Wireless Earpiece HD Stereo Audio Sound Wireless Bluetooth Headphones with Charging Case 24 H Music Playtime","SZ-YSB-AA-21287","3","3.49%","4","3.74%","100%","2","66.67%","£71.98","2"
"uk","08-10","B01LXNNAEY","B01LXNNAEY","NENRENT S570 Wireless Earbud, Smallest Mini Invisible V4.1 Wireless Bluetooth Earpiece Headset Headphone Earphone with Mic Hands-Free Calls for Cellphone and More 1 Unit (Rose Gold)","SZ-YSB-AA-21033-1","4","4.65%","6","5.61%","100%","1","25.00%","£14.98","1"
"uk","08-11","B01NCKU7JK","B01NCKU7JK","NENRENT S570 Wireless Earbud, Smallest Mini Invisible V4.1 Wireless Bluetooth Earpiece Headset Headphone Earphone with Mic Hands-Free Calls for Cellphone and More 1 Unit","SZ-YSB-AA-21075-1","39","55.71%","48","56.47%","94%","6","15.38%","£89.88","6"
"uk","08-11","B07BWQSNTS","B01LXBZ4WG","NENRENT S580 Bluetooth Headset, Longest Call time up to 12-15 hour Wireless Bluetooth Earpiece Earbud Headphone Earphone with Mic Hands-Free Calls for iPhone iPad Samsung Galaxy LG 1 Unit (Black)","SZ-YSB-AA-21035-1","30","42.86%","36","42.35%","100%","5","16.67%","£94.95","5"
"uk","08-11","B01LYMUB0S","B01LYMUB0S","NENRENT S570 Wireless Earbud, Smallest Mini Invisible V4.1 Wireless Bluetooth Earpiece Headset Headphone Earphone with Mic Hands-Free Calls for Cellphone and More 1 Unit (Black)","SZ-YSB-AA-21030-1","1","1.43%","1","1.18%","100%","1","100.00%","£14.98","1"
"uk","08-12","B07BWQSNTS","B01LXBZ4WG","NENRENT S580 Bluetooth Headset, Longest Call time up to 12-15 hour Wireless Bluetooth Earpiece Earbud Headphone Earphone with Mic Hands-Free Calls for iPhone iPad Samsung Galaxy LG 1 Unit (Black)","SZ-YSB-AA-21035-1","29","39.19%","34","36.56%","94%","10","34.48%","£189.90","9"
"uk","08-12","B01LXNNAEY","B01LXNNAEY","NENRENT S570 Wireless Earbud, Smallest Mini Invisible V4.1 Wireless Bluetooth Earpiece Headset Headphone Earphone with Mic Hands-Free Calls for Cellphone and More 1 Unit (Rose Gold)","SZ-YSB-AA-21033-1","9","12.16%","12","12.90%","83%","3","33.33%","£44.94","3"
"uk","08-12","B01NCKU7JK","B01NCKU7JK","NENRENT S570 Wireless Earbud, Smallest Mini Invisible V4.1 Wireless Bluetooth Earpiece Headset Headphone Earphone with Mic Hands-Free Calls for Cellphone and More 1 Unit","SZ-YSB-AA-21075-1","30","40.54%","39","41.94%","97%","3","10.00%","£44.94","3"
"uk","08-12","B01LYMUB0S","B01LYMUB0S","NENRENT S570 Wireless Earbud, Smallest Mini Invisible V4.1 Wireless Bluetooth Earpiece Headset Headphone Earphone with Mic Hands-Free Calls for Cellphone and More 1 Unit (Black)","SZ-YSB-AA-21030-1","6","8.11%","8","8.60%","88%","1","16.67%","£14.98","1"
"uk","08-13","B01NCKU7JK","B01NCKU7JK","NENRENT S570 Wireless Earbud, Smallest Mini Invisible V4.1 Wireless Bluetooth Earpiece Headset Headphone Earphone with Mic Hands-Free Calls for Cellphone and More 1 Unit","SZ-YSB-AA-21075-1","44","53.66%","58","52.25%","90%","9","20.45%","£134.82","8"
"uk","08-13","B07BWQSNTS","B01LXBZ4WG","NENRENT S580 Bluetooth Headset, Longest Call time up to 12-15 hour Wireless Bluetooth Earpiece Earbud Headphone Earphone with Mic Hands-Free Calls for iPhone iPad Samsung Galaxy LG 1 Unit (Black)","SZ-YSB-AA-21035-1","37","45.12%","51","45.95%","96%","6","16.22%","£113.94","6"
"uk","08-13","B01LYMUB0S","B01LYMUB0S","NENRENT S570 Wireless Earbud, Smallest Mini Invisible V4.1 Wireless Bluetooth Earpiece Headset Headphone Earphone with Mic Hands-Free Calls for Cellphone and More 1 Unit (Black)","SZ-YSB-AA-21030-1","1","1.22%","2","1.80%","100%","1","100.00%","£14.98","1"
"uk","08-14","B07BWQSNTS","B01LXBZ4WG","NENRENT S580 Bluetooth Headset, Longest Call time up to 12-15 hour Wireless Bluetooth Earpiece Earbud Headphone Earphone with Mic Hands-Free Calls for iPhone iPad Samsung Galaxy LG 1 Unit (Black)","SZ-YSB-AA-21035-1","28","36.84%","39","40.21%","97%","8","28.57%","£151.92","8"
"uk","08-14","B01NCKU7JK","B01NCKU7JK","NENRENT S570 Wireless Earbud, Smallest Mini Invisible V4.1 Wireless Bluetooth Earpiece Headset Headphone Earphone with Mic Hands-Free Calls for Cellphone and More 1 Unit","SZ-YSB-AA-21075-1","36","47.37%","44","45.36%","93%","4","11.11%","£59.92","4"
"uk","08-14","B01LXNNAEY","B01LXNNAEY","NENRENT S570 Wireless Earbud, Smallest Mini Invisible V4.1 Wireless Bluetooth Earpiece Headset Headphone Earphone with Mic Hands-Free Calls for Cellphone and More 1 Unit (Rose Gold)","SZ-YSB-AA-21033-1","9","11.84%","11","11.34%","82%","1","11.11%","£14.98","1"
"uk","08-14","B01LYMUB0S","B01LYMUB0S","NENRENT S570 Wireless Earbud, Smallest Mini Invisible V4.1 Wireless Bluetooth Earpiece Headset Headphone Earphone with Mic Hands-Free Calls for Cellphone and More 1 Unit (Black)","SZ-YSB-AA-21030-1","3","3.95%","3","3.09%","100%","2","66.67%","£29.96","1"
"uk","08-15","B07BWQSNTS","B01LXBZ4WG","NENRENT S580 Bluetooth Headset, Longest Call time up to 12-15 hour Wireless Bluetooth Earpiece Earbud Headphone Earphone with Mic Hands-Free Calls for iPhone iPad Samsung Galaxy LG 1 Unit (Black)","SZ-YSB-AA-21035-1","31","35.23%","36","33.33%","97%","12","38.71%","£227.88","12"
"uk","08-15","B01NCKU7JK","B01NCKU7JK","NENRENT S570 Wireless Earbud, Smallest Mini Invisible V4.1 Wireless Bluetooth Earpiece Headset Headphone Earphone with Mic Hands-Free Calls for Cellphone and More 1 Unit","SZ-YSB-AA-21075-1","41","46.59%","55","50.93%","91%","6","14.63%","£89.88","5"
"uk","08-15","B01LXNNAEY","B01LXNNAEY","NENRENT S570 Wireless Earbud, Smallest Mini Invisible V4.1 Wireless Bluetooth Earpiece Headset Headphone Earphone with Mic Hands-Free Calls for Cellphone and More 1 Unit (Rose Gold)","SZ-YSB-AA-21033-1","12","13.64%","13","12.04%","92%","2","16.67%","£29.96","2"
"uk","08-15","B01LYMUB0S","B01LYMUB0S","NENRENT S570 Wireless Earbud, Smallest Mini Invisible V4.1 Wireless Bluetooth Earpiece Headset Headphone Earphone with Mic Hands-Free Calls for Cellphone and More 1 Unit (Black)","SZ-YSB-AA-21030-1","4","4.55%","4","3.70%","100%","1","25.00%","£14.98","1"
"uk","08-16","B01NCKU7JK","B01NCKU7JK","NENRENT S570 Wireless Earbud, Smallest Mini Invisible V4.1 Wireless Bluetooth Earpiece Headset Headphone Earphone with Mic Hands-Free Calls for Cellphone and More 1 Unit","SZ-YSB-AA-21075-1","45","71.43%","58","72.50%","97%","8","17.78%","£119.84","8"
"uk","08-16","B07BWQSNTS","B01LXBZ4WG","NENRENT S580 Bluetooth Headset, Longest Call time up to 12-15 hour Wireless Bluetooth Earpiece Earbud Headphone Earphone with Mic Hands-Free Calls for iPhone iPad Samsung Galaxy LG 1 Unit (Black)","SZ-YSB-AA-21035-1","18","28.57%","22","27.50%","95%","4","22.22%","£75.96","4"
"uk","08-17","B07BWQSNTS","B01LXBZ4WG","NENRENT S580 Bluetooth Headset, Longest Call time up to 12-15 hour Wireless Bluetooth Earpiece Earbud Headphone Earphone with Mic Hands-Free Calls for iPhone iPad Samsung Galaxy LG 1 Unit (Black)","SZ-YSB-AA-21035-1","24","30.77%","37","35.24%","89%","8","33.33%","£151.92","8"
"uk","08-17","B01NCKU7JK","B01NCKU7JK","NENRENT S570 Wireless Earbud, Smallest Mini Invisible V4.1 Wireless Bluetooth Earpiece Headset Headphone Earphone with Mic Hands-Free Calls for Cellphone and More 1 Unit","SZ-YSB-AA-21075-1","39","50.00%","49","46.67%","96%","4","10.26%","£59.92","4"
"uk","08-17","B01LYMUB0S","B01LYMUB0S","NENRENT S570 Wireless Earbud, Smallest Mini Invisible V4.1 Wireless Bluetooth Earpiece Headset Headphone Earphone with Mic Hands-Free Calls for Cellphone and More 1 Unit (Black)","SZ-YSB-AA-21030-1","5","6.41%","6","5.71%","100%","2","40.00%","£29.96","2"
"uk","08-17","B083Y7H4D6","B077G2X17J","NENRENT S570+ Bluetooth Earbud, Smallest Mini Invisible V4.1 Wireless Bluetooth Earpiece Headset Headphone Earphone with 400mAh Charging Case Dock for Cellphone and more 1 unit (S570+)","SZ-YSB-AA-21279-1","1","1.28%","2","1.90%","100%","2","200.00%","£45.98","2"
"uk","08-17","B01LXNNAEY","B01LXNNAEY","NENRENT S570 Wireless Earbud, Smallest Mini Invisible V4.1 Wireless Bluetooth Earpiece Headset Headphone Earphone with Mic Hands-Free Calls for Cellphone and More 1 Unit (Rose Gold)","SZ-YSB-AA-21033-1","7","8.97%","9","8.57%","100%","1","14.29%","£14.98","1"
"uk","08-17","B077G2MZ2K","B077G2MZ2K","NENRENT S570 TWS Bluetooth Earbuds 5.0 Ture Wireless Earpiece HD Stereo Audio Sound Wireless Bluetooth Headphones with Charging Case 24 H Music Playtime","SZ-YSB-AA-21287","2","2.56%","2","1.90%","100%","1","50.00%","£35.99","1"
"uk","08-18","B07BWQSNTS","B01LXBZ4WG","NENRENT S580 Bluetooth Headset, Longest Call time up to 12-15 hour Wireless Bluetooth Earpiece Earbud Headphone Earphone with Mic Hands-Free Calls for iPhone iPad Samsung Galaxy LG 1 Unit (Black)","SZ-YSB-AA-21035-1","27","38.57%","43","41.35%","95%","5","18.52%","£94.95","5"
"uk","08-18","B01NCKU7JK","B01NCKU7JK","NENRENT S570 Wireless Earbud, Smallest Mini Invisible V4.1 Wireless Bluetooth Earpiece Headset Headphone Earphone with Mic Hands-Free Calls for Cellphone and More 1 Unit","SZ-YSB-AA-21075-1","38","54.29%","48","46.15%","94%","2","5.26%","£29.96","2"
"uk","08-18","B01LYMUB0S","B01LYMUB0S","NENRENT S570 Wireless Earbud, Smallest Mini Invisible V4.1 Wireless Bluetooth Earpiece Headset Headphone Earphone with Mic Hands-Free Calls for Cellphone and More 1 Unit (Black)","SZ-YSB-AA-21030-1","5","7.14%","13","12.50%","69%","1","20.00%","£14.98","1"
"uk","08-19","B07BWQSNTS","B01LXBZ4WG","NENRENT S580 Bluetooth Headset, Longest Call time up to 12-15 hour Wireless Bluetooth Earpiece Earbud Headphone Earphone with Mic Hands-Free Calls for iPhone iPad Samsung Galaxy LG 1 Unit (Black)","SZ-YSB-AA-21035-1","39","42.39%","49","43.36%","98%","9","23.08%","£170.91","9"
"uk","08-19","B01NCKU7JK","B01NCKU7JK","NENRENT S570 Wireless Earbud, Smallest Mini Invisible V4.1 Wireless Bluetooth Earpiece Headset Headphone Earphone with Mic Hands-Free Calls for Cellphone and More 1 Unit","SZ-YSB-AA-21075-1","43","46.74%","50","44.25%","100%","4","9.30%","£59.92","4"
"uk","08-19","B01LXNNAEY","B01LXNNAEY","NENRENT S570 Wireless Earbud, Smallest Mini Invisible V4.1 Wireless Bluetooth Earpiece Headset Headphone Earphone with Mic Hands-Free Calls for Cellphone and More 1 Unit (Rose Gold)","SZ-YSB-AA-21033-1","7","7.61%","7","6.19%","100%","2","28.57%","£29.96","2"
"uk","08-19","B01LYMUB0S","B01LYMUB0S","NENRENT S570 Wireless Earbud, Smallest Mini Invisible V4.1 Wireless Bluetooth Earpiece Headset Headphone Earphone with Mic Hands-Free Calls for Cellphone and More 1 Unit (Black)","SZ-YSB-AA-21030-1","3","3.26%","7","6.19%","100%","2","66.67%","£29.96","2"
"uk","08-20","B07BWQSNTS","B01LXBZ4WG","NENRENT S580 Bluetooth Headset, Longest Call time up to 12-15 hour Wireless Bluetooth Earpiece Earbud Headphone Earphone with Mic Hands-Free Calls for iPhone iPad Samsung Galaxy LG 1 Unit (Black)","SZ-YSB-AA-21035-1","30","46.15%","38","45.24%","95%","6","20.00%","£113.94","6"
"uk","08-20","B01NCKU7JK","B01NCKU7JK","NENRENT S570 Wireless Earbud, Smallest Mini Invisible V4.1 Wireless Bluetooth Earpiece Headset Headphone Earphone with Mic Hands-Free Calls for Cellphone and More 1 Unit","SZ-YSB-AA-21075-1","24","36.92%","30","35.71%","97%","4","16.67%","£59.92","4"
"uk","08-20","B01LXNNAEY","B01LXNNAEY","NENRENT S570 Wireless Earbud, Smallest Mini Invisible V4.1 Wireless Bluetooth Earpiece Headset Headphone Earphone with Mic Hands-Free Calls for Cellphone and More 1 Unit (Rose Gold)","SZ-YSB-AA-21033-1","11","16.92%","16","19.05%","94%","1","9.09%","£14.98","1"
"uk","08-21","B07BWQSNTS","B01LXBZ4WG","NENRENT S580 Bluetooth Headset, Longest Call time up to 12-15 hour Wireless Bluetooth Earpiece Earbud Headphone Earphone with Mic Hands-Free Calls for iPhone iPad Samsung Galaxy LG 1 Unit (Black)","SZ-YSB-AA-21035-1","28","45.16%","37","47.44%","100%","9","32.14%","£170.91","9"
"uk","08-21","B01LYMUB0S","B01LYMUB0S","NENRENT S570 Wireless Earbud, Smallest Mini Invisible V4.1 Wireless Bluetooth Earpiece Headset Headphone Earphone with Mic Hands-Free Calls for Cellphone and More 1 Unit (Black)","SZ-YSB-AA-21030-1","3","4.84%","6","7.69%","100%","1","33.33%","£14.98","1"
"uk","08-21","B01NCKU7JK","B01NCKU7JK","NENRENT S570 Wireless Earbud, Smallest Mini Invisible V4.1 Wireless Bluetooth Earpiece Headset Headphone Earphone with Mic Hands-Free Calls for Cellphone and More 1 Unit","SZ-YSB-AA-21075-1","31","50.00%","35","44.87%","94%","1","3.23%","£14.98","1"
"uk","08-22","B01NCKU7JK","B01NCKU7JK","NENRENT S570 Wireless Earbud, Smallest Mini Invisible V4.1 Wireless Bluetooth Earpiece Headset Headphone Earphone with Mic Hands-Free Calls for Cellphone and More 1 Unit","SZ-YSB-AA-21075-1","31","51.67%","42","56.00%","93%","5","16.13%","£74.90","5"
"uk","08-22","B07BWQSNTS","B01LXBZ4WG","NENRENT S580 Bluetooth Headset, Longest Call time up to 12-15 hour Wireless Bluetooth Earpiece Earbud Headphone Earphone with Mic Hands-Free Calls for iPhone iPad Samsung Galaxy LG 1 Unit (Black)","SZ-YSB-AA-21035-1","19","31.67%","21","28.00%","95%","4","21.05%","£75.96","4"
"uk","08-22","B01LXNNAEY","B01LXNNAEY","NENRENT S570 Wireless Earbud, Smallest Mini Invisible V4.1 Wireless Bluetooth Earpiece Headset Headphone Earphone with Mic Hands-Free Calls for Cellphone and More 1 Unit (Rose Gold)","SZ-YSB-AA-21033-1","10","16.67%","12","16.00%","100%","1","10.00%","£14.98","1"
"uk","08-23","B07BWQSNTS","B01LXBZ4WG","NENRENT S580 Bluetooth Headset, Longest Call time up to 12-15 hour Wireless Bluetooth Earpiece Earbud Headphone Earphone with Mic Hands-Free Calls for iPhone iPad Samsung Galaxy LG 1 Unit (Black)","SZ-YSB-AA-21035-1","30","42.86%","36","45.00%","94%","6","20.00%","£113.94","6"
"uk","08-23","B01LXNNAEY","B01LXNNAEY","NENRENT S570 Wireless Earbud, Smallest Mini Invisible V4.1 Wireless Bluetooth Earpiece Headset Headphone Earphone with Mic Hands-Free Calls for Cellphone and More 1 Unit (Rose Gold)","SZ-YSB-AA-21033-1","7","10.00%","9","11.25%","100%","2","28.57%","£29.96","2"
"uk","08-23","B01NCKU7JK","B01NCKU7JK","NENRENT S570 Wireless Earbud, Smallest Mini Invisible V4.1 Wireless Bluetooth Earpiece Headset Headphone Earphone with Mic Hands-Free Calls for Cellphone and More 1 Unit","SZ-YSB-AA-21075-1","33","47.14%","35","43.75%","100%","2","6.06%","£29.96","2"
"uk","08-24","B01NCKU7JK","B01NCKU7JK","NENRENT S570 Wireless Earbud, Smallest Mini Invisible V4.1 Wireless Bluetooth Earpiece Headset Headphone Earphone with Mic Hands-Free Calls for Cellphone and More 1 Unit","SZ-YSB-AA-21075-1","53","56.99%","67","57.76%","97%","7","13.21%","£104.86","7"
"uk","08-24","B07BWQSNTS","B01LXBZ4WG","NENRENT S580 Bluetooth Headset, Longest Call time up to 12-15 hour Wireless Bluetooth Earpiece Earbud Headphone Earphone with Mic Hands-Free Calls for iPhone iPad Samsung Galaxy LG 1 Unit (Black)","SZ-YSB-AA-21035-1","29","31.18%","36","31.03%","97%","6","20.69%","£113.94","5"
"uk","08-24","B01LXNNAEY","B01LXNNAEY","NENRENT S570 Wireless Earbud, Smallest Mini Invisible V4.1 Wireless Bluetooth Earpiece Headset Headphone Earphone with Mic Hands-Free Calls for Cellphone and More 1 Unit (Rose Gold)","SZ-YSB-AA-21033-1","11","11.83%","13","11.21%","100%","1","9.09%","£14.98","1"
"uk","08-25","B07BWQSNTS","B01LXBZ4WG","NENRENT S580 Bluetooth Headset, Longest Call time up to 12-15 hour Wireless Bluetooth Earpiece Earbud Headphone Earphone with Mic Hands-Free Calls for iPhone iPad Samsung Galaxy LG 1 Unit (Black)","SZ-YSB-AA-21035-1","33","42.86%","47","45.63%","94%","7","21.21%","£132.93","7"
"uk","08-25","B01NCKU7JK","B01NCKU7JK","NENRENT S570 Wireless Earbud, Smallest Mini Invisible V4.1 Wireless Bluetooth Earpiece Headset Headphone Earphone with Mic Hands-Free Calls for Cellphone and More 1 Unit","SZ-YSB-AA-21075-1","35","45.45%","45","43.69%","96%","3","8.57%","£44.94","3"
"uk","08-25","B083Y7H4D6","B077G2X17J","NENRENT S570+ Bluetooth Earbud, Smallest Mini Invisible V4.1 Wireless Bluetooth Earpiece Headset Headphone Earphone with 400mAh Charging Case Dock for Cellphone and more 1 unit (S570+)","SZ-YSB-AA-21279-1","1","1.30%","1","0.97%","100%","2","200.00%","£45.98","2"
"uk","08-25","B01LXNNAEY","B01LXNNAEY","NENRENT S570 Wireless Earbud, Smallest Mini Invisible V4.1 Wireless Bluetooth Earpiece Headset Headphone Earphone with Mic Hands-Free Calls for Cellphone and More 1 Unit (Rose Gold)","SZ-YSB-AA-21033-1","8","10.39%","10","9.71%","100%","1","12.50%","£14.98","1"
"uk","08-26","B07BWQSNTS","B01LXBZ4WG","NENRENT S580 Bluetooth Headset, Longest Call time up to 12-15 hour Wireless Bluetooth Earpiece Earbud Headphone Earphone with Mic Hands-Free Calls for iPhone iPad Samsung Galaxy LG 1 Unit (Black)","SZ-YSB-AA-21035-1","30","45.45%","39","44.32%","95%","9","30.00%","£170.91","6"
"uk","08-26","B01NCKU7JK","B01NCKU7JK","NENRENT S570 Wireless Earbud, Smallest Mini Invisible V4.1 Wireless Bluetooth Earpiece Headset Headphone Earphone with Mic Hands-Free Calls for Cellphone and More 1 Unit","SZ-YSB-AA-21075-1","36","54.55%","49","55.68%","96%","5","13.89%","£74.90","5"
"uk","08-27","B07BWQSNTS","B01LXBZ4WG","NENRENT S580 Bluetooth Headset, Longest Call time up to 12-15 hour Wireless Bluetooth Earpiece Earbud Headphone Earphone with Mic Hands-Free Calls for iPhone iPad Samsung Galaxy LG 1 Unit (Black)","SZ-YSB-AA-21035-1","30","40.00%","44","41.51%","80%","9","30.00%","£170.91","9"
"uk","08-27","B01NCKU7JK","B01NCKU7JK","NENRENT S570 Wireless Earbud, Smallest Mini Invisible V4.1 Wireless Bluetooth Earpiece Headset Headphone Earphone with Mic Hands-Free Calls for Cellphone and More 1 Unit","SZ-YSB-AA-21075-1","45","60.00%","62","58.49%","95%","5","11.11%","£74.90","5"
"uk","08-28","B07BWQSNTS","B01LXBZ4WG","NENRENT S580 Bluetooth Headset, Longest Call time up to 12-15 hour Wireless Bluetooth Earpiece Earbud Headphone Earphone with Mic Hands-Free Calls for iPhone iPad Samsung Galaxy LG 1 Unit (Black)","SZ-YSB-AA-21035-1","36","52.17%","52","50.49%","94%","6","16.67%","£113.94","5"
"uk","08-28","B01NCKU7JK","B01NCKU7JK","NENRENT S570 Wireless Earbud, Smallest Mini Invisible V4.1 Wireless Bluetooth Earpiece Headset Headphone Earphone with Mic Hands-Free Calls for Cellphone and More 1 Unit","SZ-YSB-AA-21075-1","28","40.58%","38","36.89%","92%","3","10.71%","£44.94","3"
"uk","08-28","B01LXNNAEY","B01LXNNAEY","NENRENT S570 Wireless Earbud, Smallest Mini Invisible V4.1 Wireless Bluetooth Earpiece Headset Headphone Earphone with Mic Hands-Free Calls for Cellphone and More 1 Unit (Rose Gold)","SZ-YSB-AA-21033-1","2","2.90%","8","7.77%","75%","1","50.00%","£14.98","1"
"uk","08-28","B083Y7H4D6","B077G2X17J","NENRENT S570+ Bluetooth Earbud, Smallest Mini Invisible V4.1 Wireless Bluetooth Earpiece Headset Headphone Earphone with 400mAh Charging Case Dock for Cellphone and more 1 unit (S570+)","SZ-YSB-AA-21279-1","3","4.35%","5","4.85%","100%","1","33.33%","£22.99","1"
"uk","08-29","B01NCKU7JK","B01NCKU7JK","NENRENT S570 Wireless Earbud, Smallest Mini Invisible V4.1 Wireless Bluetooth Earpiece Headset Headphone Earphone with Mic Hands-Free Calls for Cellphone and More 1 Unit","SZ-YSB-AA-21075-1","37","49.33%","59","59.00%","93%","8","21.62%","£119.84","8"
"uk","08-29","B07BWQSNTS","B01LXBZ4WG","NENRENT S580 Bluetooth Headset, Longest Call time up to 12-15 hour Wireless Bluetooth Earpiece Earbud Headphone Earphone with Mic Hands-Free Calls for iPhone iPad Samsung Galaxy LG 1 Unit (Black)","SZ-YSB-AA-21035-1","36","48.00%","39","39.00%","95%","3","8.33%","£56.97","3"
"uk","08-29","B01LYMUB0S","B01LYMUB0S","NENRENT S570 Wireless Earbud, Smallest Mini Invisible V4.1 Wireless Bluetooth Earpiece Headset Headphone Earphone with Mic Hands-Free Calls for Cellphone and More 1 Unit (Black)","SZ-YSB-AA-21030-1","2","2.67%","2","2.00%","100%","1","50.00%","£14.98","1"
"uk","08-30","B07BWQSNTS","B01LXBZ4WG","NENRENT S580 Bluetooth Headset, Longest Call time up to 12-15 hour Wireless Bluetooth Earpiece Earbud Headphone Earphone with Mic Hands-Free Calls for iPhone iPad Samsung Galaxy LG 1 Unit (Black)","SZ-YSB-AA-21035-1","26","45.61%","30","43.48%","100%","8","30.77%","£151.92","6"
"uk","08-30","B01LYMUB0S","B01LYMUB0S","NENRENT S570 Wireless Earbud, Smallest Mini Invisible V4.1 Wireless Bluetooth Earpiece Headset Headphone Earphone with Mic Hands-Free Calls for Cellphone and More 1 Unit (Black)","SZ-YSB-AA-21030-1","2","3.51%","2","2.90%","100%","1","50.00%","£14.98","1"
"uk","08-30","B01NCKU7JK","B01NCKU7JK","NENRENT S570 Wireless Earbud, Smallest Mini Invisible V4.1 Wireless Bluetooth Earpiece Headset Headphone Earphone with Mic Hands-Free Calls for Cellphone and More 1 Unit","SZ-YSB-AA-21075-1","29","50.88%","37","53.62%","97%","1","3.45%","£14.98","1"
"uk","08-31","B01NCKU7JK","B01NCKU7JK","NENRENT S570 Wireless Earbud, Smallest Mini Invisible V4.1 Wireless Bluetooth Earpiece Headset Headphone Earphone with Mic Hands-Free Calls for Cellphone and More 1 Unit","SZ-YSB-AA-21075-1","27","45.00%","34","45.33%","100%","8","29.63%","£119.84","8"
"uk","08-31","B07BWQSNTS","B01LXBZ4WG","NENRENT S580 Bluetooth Headset, Longest Call time up to 12-15 hour Wireless Bluetooth Earpiece Earbud Headphone Earphone with Mic Hands-Free Calls for iPhone iPad Samsung Galaxy LG 1 Unit (Black)","SZ-YSB-AA-21035-1","27","45.00%","34","45.33%","100%","4","14.81%","£75.96","4"
"uk","08-31","B01LXNNAEY","B01LXNNAEY","NENRENT S570 Wireless Earbud, Smallest Mini Invisible V4.1 Wireless Bluetooth Earpiece Headset Headphone Earphone with Mic Hands-Free Calls for Cellphone and More 1 Unit (Rose Gold)","SZ-YSB-AA-21033-1","6","10.00%","7","9.33%","100%","1","16.67%","£14.98","1"
"uk","0808","B01NCKU7JK","B01NCKU7JK","NENRENT S570 Wireless Earbud, Smallest Mini Invisible V4.1 Wireless Bluetooth Earpiece Headset Headphone Earphone with Mic Hands-Free Calls for Cellphone and More 1 Unit","SZ-YSB-AA-21075-1","30","58.82%","37","56.06%","97%","5","16.67%","£74.90","5"
"uk","0808","B07BWQSNTS","B01LXBZ4WG","NENRENT S580 Bluetooth Headset, Longest Call time up to 12-15 hour Wireless Bluetooth Earpiece Earbud Headphone Earphone with Mic Hands-Free Calls for iPhone iPad Samsung Galaxy LG 1 Unit (Black)","SZ-YSB-AA-21035-1","21","41.18%","29","43.94%","90%","1","4.76%","£18.99","1"
"uk","09-01","B07BWQSNTS","B01LXBZ4WG","NENRENT S580 Bluetooth Headset, Longest Call time up to 12-15 hour Wireless Bluetooth Earpiece Earbud Headphone Earphone with Mic Hands-Free Calls for iPhone iPad Samsung Galaxy LG 1 Unit (Black)","SZ-YSB-AA-21035-1","29","39.73%","38","42.22%","97%","4","13.79%","£75.96","4"
"uk","09-01","B01NCKU7JK","B01NCKU7JK","NENRENT S570 Wireless Earbud, Smallest Mini Invisible V4.1 Wireless Bluetooth Earpiece Headset Headphone Earphone with Mic Hands-Free Calls for Cellphone and More 1 Unit","SZ-YSB-AA-21075-1","38","52.05%","46","51.11%","100%","3","7.89%","£44.94","3"
"uk","09-01","B01LXNNAEY","B01LXNNAEY","NENRENT S570 Wireless Earbud, Smallest Mini Invisible V4.1 Wireless Bluetooth Earpiece Headset Headphone Earphone with Mic Hands-Free Calls for Cellphone and More 1 Unit (Rose Gold)","SZ-YSB-AA-21033-1","4","5.48%","4","4.44%","100%","1","25.00%","£14.98","1"
"uk","09-01","B083Y7H4D6","B077G2X17J","NENRENT S570+ Bluetooth Earbud, Smallest Mini Invisible V4.1 Wireless Bluetooth Earpiece Headset Headphone Earphone with 400mAh Charging Case Dock for Cellphone and more 1 unit (S570+)","SZ-YSB-AA-21279-1","2","2.74%","2","2.22%","100%","1","50.00%","£22.99","1"
"uk","09-02","B01NCKU7JK","B01NCKU7JK","NENRENT S570 Wireless Earbud, Smallest Mini Invisible V4.1 Wireless Bluetooth Earpiece Headset Headphone Earphone with Mic Hands-Free Calls for Cellphone and More 1 Unit","SZ-YSB-AA-21075-1","30","56.60%","41","53.95%","100%","7","23.33%","£104.86","7"
"uk","09-02","B07BWQSNTS","B01LXBZ4WG","NENRENT S580 Bluetooth Headset, Longest Call time up to 12-15 hour Wireless Bluetooth Earpiece Earbud Headphone Earphone with Mic Hands-Free Calls for iPhone iPad Samsung Galaxy LG 1 Unit (Black)","SZ-YSB-AA-21035-1","23","43.40%","35","46.05%","91%","3","13.04%","£56.97","3"
"uk","09-03","B01NCKU7JK","B01NCKU7JK","NENRENT S570 Wireless Earbud, Smallest Mini Invisible V4.1 Wireless Bluetooth Earpiece Headset Headphone Earphone with Mic Hands-Free Calls for Cellphone and More 1 Unit","SZ-YSB-AA-21075-1","38","61.29%","47","60.26%","98%","5","13.16%","£74.90","5"
"uk","09-03","B07BWQSNTS","B01LXBZ4WG","NENRENT S580 Bluetooth Headset, Longest Call time up to 12-15 hour Wireless Bluetooth Earpiece Earbud Headphone Earphone with Mic Hands-Free Calls for iPhone iPad Samsung Galaxy LG 1 Unit (Black)","SZ-YSB-AA-21035-1","24","38.71%","31","39.74%","97%","4","16.67%","£75.96","4"
"uk","09-04","B01NCKU7JK","B01NCKU7JK","NENRENT S570 Wireless Earbud, Smallest Mini Invisible V4.1 Wireless Bluetooth Earpiece Headset Headphone Earphone with Mic Hands-Free Calls for Cellphone and More 1 Unit","SZ-YSB-AA-21075-1","32","47.76%","39","44.32%","97%","8","25.00%","£119.84","8"
"uk","09-04","B07BWQSNTS","B01LXBZ4WG","NENRENT S580 Bluetooth Headset, Longest Call time up to 12-15 hour Wireless Bluetooth Earpiece Earbud Headphone Earphone with Mic Hands-Free Calls for iPhone iPad Samsung Galaxy LG 1 Unit (Black)","SZ-YSB-AA-21035-1","35","52.24%","49","55.68%","98%","3","8.57%","£56.97","3"
"uk","09-05","B01NCKU7JK","B01NCKU7JK","NENRENT S570 Wireless Earbud, Smallest Mini Invisible V4.1 Wireless Bluetooth Earpiece Headset Headphone Earphone with Mic Hands-Free Calls for Cellphone and More 1 Unit","SZ-YSB-AA-21075-1","53","61.63%","69","58.47%","99%","7","13.21%","£104.86","7"
"uk","09-05","B07BWQSNTS","B01LXBZ4WG","NENRENT S580 Bluetooth Headset, Longest Call time up to 12-15 hour Wireless Bluetooth Earpiece Earbud Headphone Earphone with Mic Hands-Free Calls for iPhone iPad Samsung Galaxy LG 1 Unit (Black)","SZ-YSB-AA-21035-1","20","23.26%","36","30.51%","94%","3","15.00%","£56.97","3"
"uk","09-05","B01LXNNAEY","B01LXNNAEY","NENRENT S570 Wireless Earbud, Smallest Mini Invisible V4.1 Wireless Bluetooth Earpiece Headset Headphone Earphone with Mic Hands-Free Calls for Cellphone and More 1 Unit (Rose Gold)","SZ-YSB-AA-21033-1","8","9.30%","8","6.78%","100%","6","75.00%","£89.88","3"
"uk","09-05","B01LYMUB0S","B01LYMUB0S","NENRENT S570 Wireless Earbud, Smallest Mini Invisible V4.1 Wireless Bluetooth Earpiece Headset Headphone Earphone with Mic Hands-Free Calls for Cellphone and More 1 Unit (Black)","SZ-YSB-AA-21030-1","5","5.81%","5","4.24%","100%","2","40.00%","£29.96","2"
"uk","09-06","B01NCKU7JK","B01NCKU7JK","NENRENT S570 Wireless Earbud, Smallest Mini Invisible V4.1 Wireless Bluetooth Earpiece Headset Headphone Earphone with Mic Hands-Free Calls for Cellphone and More 1 Unit","SZ-YSB-AA-21075-1","52","69.33%","59","67.82%","100%","5","9.62%","£74.90","5"
"uk","09-06","B07BWQSNTS","B01LXBZ4WG","NENRENT S580 Bluetooth Headset, Longest Call time up to 12-15 hour Wireless Bluetooth Earpiece Earbud Headphone Earphone with Mic Hands-Free Calls for iPhone iPad Samsung Galaxy LG 1 Unit (Black)","SZ-YSB-AA-21035-1","19","25.33%","23","26.44%","96%","3","15.79%","£56.97","3"
"uk","09-06","B01LYMUB0S","B01LYMUB0S","NENRENT S570 Wireless Earbud, Smallest Mini Invisible V4.1 Wireless Bluetooth Earpiece Headset Headphone Earphone with Mic Hands-Free Calls for Cellphone and More 1 Unit (Black)","SZ-YSB-AA-21030-1","3","4.00%","4","4.60%","75%","1","33.33%","£14.98","1"
"uk","09-06","B083Y7H4D6","B077G2X17J","NENRENT S570+ Bluetooth Earbud, Smallest Mini Invisible V4.1 Wireless Bluetooth Earpiece Headset Headphone Earphone with 400mAh Charging Case Dock for Cellphone and more 1 unit (S570+)","SZ-YSB-AA-21279-1","1","1.33%","1","1.15%","100%","1","100.00%","£22.99","1"
"uk","09-07","B01NCKU7JK","B01NCKU7JK","NENRENT S570 Wireless Earbud, Smallest Mini Invisible V4.1 Wireless Bluetooth Earpiece Headset Headphone Earphone with Mic Hands-Free Calls for Cellphone and More 1 Unit","SZ-YSB-AA-21075-1","35","62.50%","47","56.63%","96%","10","28.57%","£149.80","10"
"uk","09-07","B07BWQSNTS","B01LXBZ4WG","NENRENT S580 Bluetooth Headset, Longest Call time up to 12-15 hour Wireless Bluetooth Earpiece Earbud Headphone Earphone with Mic Hands-Free Calls for iPhone iPad Samsung Galaxy LG 1 Unit (Black)","SZ-YSB-AA-21035-1","21","37.50%","36","43.37%","92%","6","28.57%","£113.94","5"
"uk","09-08","B07BWQSNTS","B01LXBZ4WG","NENRENT S580 Bluetooth Headset, Longest Call time up to 12-15 hour Wireless Bluetooth Earpiece Earbud Headphone Earphone with Mic Hands-Free Calls for iPhone iPad Samsung Galaxy LG 1 Unit (Black)","SZ-YSB-AA-21035-1","27","38.03%","35","36.08%","97%","7","25.93%","£132.93","6"
"uk","09-08","B01NCKU7JK","B01NCKU7JK","NENRENT S570 Wireless Earbud, Smallest Mini Invisible V4.1 Wireless Bluetooth Earpiece Headset Headphone Earphone with Mic Hands-Free Calls for Cellphone and More 1 Unit","SZ-YSB-AA-21075-1","27","38.03%","38","39.18%","97%","6","22.22%","£89.88","6"
"uk","09-08","B01LXNNAEY","B01LXNNAEY","NENRENT S570 Wireless Earbud, Smallest Mini Invisible V4.1 Wireless Bluetooth Earpiece Headset Headphone Earphone with Mic Hands-Free Calls for Cellphone and More 1 Unit (Rose Gold)","SZ-YSB-AA-21033-1","9","12.68%","14","14.43%","86%","1","11.11%","£14.98","1"
"uk","09-08","B01LYMUB0S","B01LYMUB0S","NENRENT S570 Wireless Earbud, Smallest Mini Invisible V4.1 Wireless Bluetooth Earpiece Headset Headphone Earphone with Mic Hands-Free Calls for Cellphone and More 1 Unit (Black)","SZ-YSB-AA-21030-1","3","4.23%","3","3.09%","100%","3","100.00%","£44.94","1"
"uk","09-08","B077G2MZ2K","B077G2MZ2K","NENRENT S570 TWS Bluetooth Earbuds 5.0 Ture Wireless Earpiece HD Stereo Audio Sound Wireless Bluetooth Headphones with Charging Case 24 H Music Playtime","SZ-YSB-AA-21287","2","2.82%","2","2.06%","100%","1","50.00%","£35.99","1"
"uk","09-08","B083Y7H4D6","B077G2X17J","NENRENT S570+ Bluetooth Earbud, Smallest Mini Invisible V4.1 Wireless Bluetooth Earpiece Headset Headphone Earphone with 400mAh Charging Case Dock for Cellphone and more 1 unit (S570+)","SZ-YSB-AA-21279-1","3","4.23%","5","5.15%","100%","1","33.33%","£22.99","1"
"uk","09-09","B01NCKU7JK","B01NCKU7JK","NENRENT S570 Wireless Earbud, Smallest Mini Invisible V4.1 Wireless Bluetooth Earpiece Headset Headphone Earphone with Mic Hands-Free Calls for Cellphone and More 1 Unit","SZ-YSB-AA-21075-1","46","56.79%","59","58.42%","90%","9","19.57%","£134.82","8"
"uk","09-09","B07BWQSNTS","B01LXBZ4WG","NENRENT S580 Bluetooth Headset, Longest Call time up to 12-15 hour Wireless Bluetooth Earpiece Earbud Headphone Earphone with Mic Hands-Free Calls for iPhone iPad Samsung Galaxy LG 1 Unit (Black)","SZ-YSB-AA-21035-1","28","34.57%","35","34.65%","97%","8","28.57%","£151.92","7"
"uk","09-09","B01LXNNAEY","B01LXNNAEY","NENRENT S570 Wireless Earbud, Smallest Mini Invisible V4.1 Wireless Bluetooth Earpiece Headset Headphone Earphone with Mic Hands-Free Calls for Cellphone and More 1 Unit (Rose Gold)","SZ-YSB-AA-21033-1","7","8.64%","7","6.93%","100%","1","14.29%","£14.98","1"
"uk","09-10","B01NCKU7JK","B01NCKU7JK","NENRENT S570 Wireless Earbud, Smallest Mini Invisible V4.1 Wireless Bluetooth Earpiece Headset Headphone Earphone with Mic Hands-Free Calls for Cellphone and More 1 Unit","SZ-YSB-AA-21075-1","36","51.43%","50","46.73%","98%","8","22.22%","£119.84","8"
"uk","09-10","B07BWQSNTS","B01LXBZ4WG","NENRENT S580 Bluetooth Headset, Longest Call time up to 12-15 hour Wireless Bluetooth Earpiece Earbud Headphone Earphone with Mic Hands-Free Calls for iPhone iPad Samsung Galaxy LG 1 Unit (Black)","SZ-YSB-AA-21035-1","19","27.14%","37","34.58%","89%","8","42.11%","£151.92","7"
"uk","09-10","B01LXNNAEY","B01LXNNAEY","NENRENT S570 Wireless Earbud, Smallest Mini Invisible V4.1 Wireless Bluetooth Earpiece Headset Headphone Earphone with Mic Hands-Free Calls for Cellphone and More 1 Unit (Rose Gold)","SZ-YSB-AA-21033-1","6","8.57%","8","7.48%","100%","2","33.33%","£29.96","2"
"uk","09-10","B01LYMUB0S","B01LYMUB0S","NENRENT S570 Wireless Earbud, Smallest Mini Invisible V4.1 Wireless Bluetooth Earpiece Headset Headphone Earphone with Mic Hands-Free Calls for Cellphone and More 1 Unit (Black)","SZ-YSB-AA-21030-1","6","8.57%","8","7.48%","100%","1","16.67%","£14.98","1"
"uk","09-10","B083Y7H4D6","B077G2X17J","NENRENT S570+ Bluetooth Earbud, Smallest Mini Invisible V4.1 Wireless Bluetooth Earpiece Headset Headphone Earphone with 400mAh Charging Case Dock for Cellphone and more 1 unit (S570+)","SZ-YSB-AA-21279-1","3","4.29%","4","3.74%","100%","1","33.33%","£22.99","1"
"uk","09-11","B01NCKU7JK","B01NCKU7JK","NENRENT S570 Wireless Earbud, Smallest Mini Invisible V4.1 Wireless Bluetooth Earpiece Headset Headphone Earphone with Mic Hands-Free Calls for Cellphone and More 1 Unit","SZ-YSB-AA-21075-1","31","43.06%","42","40.78%","95%","9","29.03%","£134.82","9"
"uk","09-11","B07BWQSNTS","B01LXBZ4WG","NENRENT S580 Bluetooth Headset, Longest Call time up to 12-15 hour Wireless Bluetooth Earpiece Earbud Headphone Earphone with Mic Hands-Free Calls for iPhone iPad Samsung Galaxy LG 1 Unit (Black)","SZ-YSB-AA-21035-1","30","41.67%","46","44.66%","100%","6","20.00%","£113.94","6"
"uk","09-11","B01LXNNAEY","B01LXNNAEY","NENRENT S570 Wireless Earbud, Smallest Mini Invisible V4.1 Wireless Bluetooth Earpiece Headset Headphone Earphone with Mic Hands-Free Calls for Cellphone and More 1 Unit (Rose Gold)","SZ-YSB-AA-21033-1","7","9.72%","11","10.68%","100%","1","14.29%","£14.98","1"
"uk","09-11","B083Y7H4D6","B077G2X17J","NENRENT S570+ Bluetooth Earbud, Smallest Mini Invisible V4.1 Wireless Bluetooth Earpiece Headset Headphone Earphone with 400mAh Charging Case Dock for Cellphone and more 1 unit (S570+)","SZ-YSB-AA-21279-1","4","5.56%","4","3.88%","100%","1","25.00%","£22.99","1"
"uk","09-11","B07D243GY6","B07D243GY6","NENRENT Activated Carbon Water Purifier Filter Replacement for Frigidaire ULTRAWF PureSource 1 Refrigerator Ice & Water Filter","SZ-YSB-AA-21296","0","0.00%","0","0.00%","0%","2","0.00%","£11.94","1"
"uk","09-12","B01NCKU7JK","B01NCKU7JK","NENRENT S570 Wireless Earbud, Smallest Mini Invisible V4.1 Wireless Bluetooth Earpiece Headset Headphone Earphone with Mic Hands-Free Calls for Cellphone and More 1 Unit","SZ-YSB-AA-21075-1","37","62.71%","64","74.42%","80%","8","21.62%","£119.84","8"
"uk","09-12","B07BWQSNTS","B01LXBZ4WG","NENRENT S580 Bluetooth Headset, Longest Call time up to 12-15 hour Wireless Bluetooth Earpiece Earbud Headphone Earphone with Mic Hands-Free Calls for iPhone iPad Samsung Galaxy LG 1 Unit (Black)","SZ-YSB-AA-21035-1","17","28.81%","17","19.77%","65%","3","17.65%","£56.97","3"
"uk","09-12","B083Y7H4D6","B077G2X17J","NENRENT S570+ Bluetooth Earbud, Smallest Mini Invisible V4.1 Wireless Bluetooth Earpiece Headset Headphone Earphone with 400mAh Charging Case Dock for Cellphone and more 1 unit (S570+)","SZ-YSB-AA-21279-1","5","8.47%","5","5.81%","100%","1","20.00%","£22.99","1"
"uk","09-13","B01NCKU7JK","B01NCKU7JK","NENRENT S570 Wireless Earbud, Smallest Mini Invisible V4.1 Wireless Bluetooth Earpiece Headset Headphone Earphone with Mic Hands-Free Calls for Cellphone and More 1 Unit","SZ-YSB-AA-21075-1","38","59.38%","50","58.82%","96%","12","31.58%","£179.76","12"
"uk","09-13","B07BWQSNTS","B01LXBZ4WG","NENRENT S580 Bluetooth Headset, Longest Call time up to 12-15 hour Wireless Bluetooth Earpiece Earbud Headphone Earphone with Mic Hands-Free Calls for iPhone iPad Samsung Galaxy LG 1 Unit (Black)","SZ-YSB-AA-21035-1","21","32.81%","30","35.29%","90%","6","28.57%","£113.94","6"
"uk","09-13","B01LXNNAEY","B01LXNNAEY","NENRENT S570 Wireless Earbud, Smallest Mini Invisible V4.1 Wireless Bluetooth Earpiece Headset Headphone Earphone with Mic Hands-Free Calls for Cellphone and More 1 Unit (Rose Gold)","SZ-YSB-AA-21033-1","5","7.81%","5","5.88%","100%","1","20.00%","£14.98","1"
"uk","09-14","B01NCKU7JK","B01NCKU7JK","NENRENT S570 Wireless Earbud, Smallest Mini Invisible V4.1 Wireless Bluetooth Earpiece Headset Headphone Earphone with Mic Hands-Free Calls for Cellphone and More 1 Unit","SZ-YSB-AA-21075-1","41","61.19%","53","50.00%","98%","10","24.39%","£149.80","9"
"uk","09-14","B07BWQSNTS","B01LXBZ4WG","NENRENT S580 Bluetooth Headset, Longest Call time up to 12-15 hour Wireless Bluetooth Earpiece Earbud Headphone Earphone with Mic Hands-Free Calls for iPhone iPad Samsung Galaxy LG 1 Unit (Black)","SZ-YSB-AA-21035-1","23","34.33%","50","47.17%","94%","2","8.70%","£37.98","2"
"uk","09-14","B01LYMUB0S","B01LYMUB0S","NENRENT S570 Wireless Earbud, Smallest Mini Invisible V4.1 Wireless Bluetooth Earpiece Headset Headphone Earphone with Mic Hands-Free Calls for Cellphone and More 1 Unit (Black)","SZ-YSB-AA-21030-1","3","4.48%","3","2.83%","100%","1","33.33%","£14.98","1"
"uk","09-15","B01NCKU7JK","B01NCKU7JK","NENRENT S570 Wireless Earbud, Smallest Mini Invisible V4.1 Wireless Bluetooth Earpiece Headset Headphone Earphone with Mic Hands-Free Calls for Cellphone and More 1 Unit","SZ-YSB-AA-21075-1","19","47.50%","23","51.11%","100%","8","42.11%","£119.84","7"
"uk","09-15","B07BWQSNTS","B01LXBZ4WG","NENRENT S580 Bluetooth Headset, Longest Call time up to 12-15 hour Wireless Bluetooth Earpiece Earbud Headphone Earphone with Mic Hands-Free Calls for iPhone iPad Samsung Galaxy LG 1 Unit (Black)","SZ-YSB-AA-21035-1","9","22.50%","9","20.00%","100%","1","11.11%","£18.99","1"
"uk","09-15","B01LXNNAEY","B01LXNNAEY","NENRENT S570 Wireless Earbud, Smallest Mini Invisible V4.1 Wireless Bluetooth Earpiece Headset Headphone Earphone with Mic Hands-Free Calls for Cellphone and More 1 Unit (Rose Gold)","SZ-YSB-AA-21033-1","7","17.50%","8","17.78%","100%","1","14.29%","£14.98","1"
"uk","09-15","B01LYMUB0S","B01LYMUB0S","NENRENT S570 Wireless Earbud, Smallest Mini Invisible V4.1 Wireless Bluetooth Earpiece Headset Headphone Earphone with Mic Hands-Free Calls for Cellphone and More 1 Unit (Black)","SZ-YSB-AA-21030-1","5","12.50%","5","11.11%","100%","1","20.00%","£14.98","1"
"uk","09-16","B01NCKU7JK","B01NCKU7JK","NENRENT S570 Wireless Earbud, Smallest Mini Invisible V4.1 Wireless Bluetooth Earpiece Headset Headphone Earphone with Mic Hands-Free Calls for Cellphone and More 1 Unit","SZ-YSB-AA-21075-1","34","73.91%","42","76.36%","95%","10","29.41%","£149.80","10"
"uk","09-16","B07BWQSNTS","B01LXBZ4WG","NENRENT S580 Bluetooth Headset, Longest Call time up to 12-15 hour Wireless Bluetooth Earpiece Earbud Headphone Earphone with Mic Hands-Free Calls for iPhone iPad Samsung Galaxy LG 1 Unit (Black)","SZ-YSB-AA-21035-1","7","15.22%","7","12.73%","57%","2","28.57%","£37.98","2"
"uk","09-16","B01LXNNAEY","B01LXNNAEY","NENRENT S570 Wireless Earbud, Smallest Mini Invisible V4.1 Wireless Bluetooth Earpiece Headset Headphone Earphone with Mic Hands-Free Calls for Cellphone and More 1 Unit (Rose Gold)","SZ-YSB-AA-21033-1","5","10.87%","6","10.91%","100%","1","20.00%","£14.98","1"
"uk","09-17","B01NCKU7JK","B01NCKU7JK","NENRENT S570 Wireless Earbud, Smallest Mini Invisible V4.1 Wireless Bluetooth Earpiece Headset Headphone Earphone with Mic Hands-Free Calls for Cellphone and More 1 Unit","SZ-YSB-AA-21075-1","47","92.16%","65","94.20%","91%","10","21.28%","£149.80","10"
"uk","09-17","B083Y7H4D6","B077G2X17J","NENRENT S570+ Bluetooth Earbud, Smallest Mini Invisible V4.1 Wireless Bluetooth Earpiece Headset Headphone Earphone with 400mAh Charging Case Dock for Cellphone and more 1 unit (S570+)","SZ-YSB-AA-21279-1","3","5.88%","3","4.35%","100%","1","33.33%","£22.99","1"
"uk","09-17","B07N1DX5C4","B07N1DX5C4","NENRENT Wireless Earbuds, S570 TWS Bluetooth 5.0 Ture Wireless Earbuds HD Stereo Audio Sound, Wireless Bluetooth Headphones with Charging Case 24 Hour Playtime, Sports Earphones with Built in Mic","SZ-YSB-AA-21407","1","1.96%","1","1.45%","100%","1","100.00%","£35.99","1"
